Healthy,Diarrhé,Pneumonie,No ATQ,somme_valeur_signes,somme_signe,Score_Temperature,Tête,Yeux,Toux,Naseaux,Fèces,date
False,False,False,6768,3,1,0,2,1,0,1,1,2022-02-14
False,True,False,6780,3,1,0,2,0,0,1,3,2022-02-14
False,True,False,6778,3,1,0,3,1,0,0,3,2022-02-14
False,True,False,6391,3,1,0,0,2,1,0,3,2022-02-14
False,False,False,6783,2,1,0,2,0,0,0,1,2022-02-14
False,False,True,6773,5,2,0,3,1,0,2,0,2022-02-14
False,True,False,6771,1,0,0,0,1,0,0,2,2022-02-14
False,True,False,6774,1,0,0,0,0,0,1,2,2022-02-14
False,True,True,6385,5,2,0,3,1,0,2,2,2022-02-14
False,False,True,6764,6,2,0,3,1,2,1,1,2022-02-14
False,True,False,6375,3,1,0,3,2,0,0,2,2022-02-14
True,False,False,6766,0,0,0,0,0,0,0,1,2022-02-14
False,True,False,6371,4,1,0,1,1,2,1,2,2022-02-14
False,True,False,6393,2,0,0,0,1,0,1,2,2022-02-14
False,True,True,6382,6,2,0,3,1,2,1,2,2022-02-14
False,True,True,6760,5,2,0,3,1,2,0,2,2022-02-14
False,False,True,6746,7,3,3,2,2,0,2,1,2022-02-14
False,False,True,6738,5,2,0,2,2,2,1,0,2022-02-14
False,True,False,6388,4,1,0,2,1,1,1,3,2022-02-14
False,True,True,6370,10,4,3,2,1,3,2,3,2022-02-14
False,False,True,6761,12,4,3,3,1,3,3,0,2022-02-14
False,False,True,6331,6,2,0,3,1,3,0,1,2022-02-14
False,False,True,6335,5,2,0,2,1,3,0,0,2022-02-14
False,False,True,6708,6,2,0,3,1,3,0,0,2022-02-14
True,False,False,6700,1,0,0,0,1,0,0,1,2022-02-14
True,False,False,6338,0,0,0,0,0,0,0,1,2022-02-14
False,False,False,6707,4,1,0,3,1,0,1,0,2022-02-14
False,False,False,6712,4,2,0,2,1,2,0,1,2022-02-14
False,False,False,6337,4,1,0,3,1,0,1,1,2022-02-14
False,False,True,6341,8,2,3,0,1,3,1,1,2022-02-14
True,False,False,6786,0,0,0,0,0,0,0,1,2022-02-14
False,False,False,6329,2,1,0,2,0,0,0,1,2022-02-14
False,False,True,6715,7,3,0,0,2,3,2,0,2022-02-14
True,False,False,6694,1,0,0,0,0,0,1,1,2022-02-14
False,False,False,6726,3,1,0,0,1,2,0,0,2022-02-14
False,True,False,6355,1,0,0,1,1,0,0,2,2022-02-14
False,False,False,6724,2,1,0,1,2,0,0,1,2022-02-14
False,False,True,6728,8,3,0,3,1,3,2,0,2022-02-14
False,False,False,6360,2,1,0,2,0,0,0,1,2022-02-14
False,False,False,6359,3,1,0,3,1,0,0,0,2022-02-14
False,False,True,6356,6,2,0,2,1,3,1,0,2022-02-14
False,False,True,6349,6,2,0,0,2,3,1,0,2022-02-14
False,False,False,6741,4,2,0,2,2,0,2,0,2022-02-14
False,False,False,6353,4,2,0,0,2,2,0,0,2022-02-14
True,False,False,6734,1,0,0,0,1,0,0,0,2022-02-14
False,False,True,6365,6,2,0,0,0,3,3,0,2022-02-14
False,False,False,6354,3,1,0,0,1,0,2,0,2022-02-14
True,False,False,6786,2,0,0,0,1,0,1,1,2022-02-15
False,False,False,6335,5,1,0,0,1,3,1,0,2022-02-15
False,False,True,6700,6,3,0,0,2,2,2,0,2022-02-15
False,False,False,6708,4,1,0,0,1,2,1,0,2022-02-15
False,False,True,6331,7,3,0,3,2,2,2,1,2022-02-15
True,False,False,6329,1,0,0,0,0,0,1,0,2022-02-15
False,False,False,6694,3,1,0,0,1,0,2,1,2022-02-15
True,False,False,6338,1,0,0,0,1,0,0,0,2022-02-15
False,False,True,6341,9,3,3,0,1,3,2,1,2022-02-15
False,False,True,6712,6,2,0,3,1,2,1,1,2022-02-15
False,False,False,6707,4,1,0,3,1,0,1,1,2022-02-15
False,False,False,6337,3,1,0,0,1,0,2,1,2022-02-15
False,False,True,6715,5,2,0,0,1,2,2,1,2022-02-15
True,False,False,6783,1,0,0,0,1,0,0,1,2022-02-15
False,True,False,6391,1,0,0,0,1,0,0,3,2022-02-15
True,False,False,6791,1,0,0,0,1,0,0,1,2022-02-15
False,False,False,6403,4,2,0,0,2,0,2,0,2022-02-15
False,True,False,6778,2,1,0,2,0,0,0,3,2022-02-15
False,False,False,6773,3,1,0,2,1,0,1,1,2022-02-15
False,False,False,6787,4,1,0,3,2,0,1,1,2022-02-15
False,False,False,6771,3,1,0,0,1,0,2,1,2022-02-15
False,True,False,6768,1,0,0,0,1,0,0,2,2022-02-15
False,True,True,6780,5,2,0,3,1,0,2,3,2022-02-15
True,False,False,6774,0,0,0,0,0,0,0,1,2022-02-15
False,False,True,6764,6,2,0,3,0,2,1,1,2022-02-15
False,False,False,6375,4,2,0,2,2,0,2,0,2022-02-15
False,True,False,6766,1,0,0,0,1,0,0,2,2022-02-15
True,False,False,6393,0,0,0,0,0,0,0,1,2022-02-15
False,True,True,6385,6,2,0,3,1,0,3,3,2022-02-15
False,False,False,6760,3,1,0,0,2,0,1,0,2022-02-15
False,True,False,6746,4,1,0,0,1,1,2,2,2022-02-15
False,True,False,6388,4,1,0,0,1,1,2,2,2022-02-15
False,False,True,6382,5,2,0,3,1,0,2,1,2022-02-15
False,False,True,6738,7,3,0,2,2,3,2,1,2022-02-15
False,False,False,6371,3,1,0,0,1,0,2,1,2022-02-15
False,True,True,6370,5,2,0,3,1,0,2,2,2022-02-15
False,True,True,6761,8,3,0,3,2,2,3,2,2022-02-15
False,False,True,6359,6,2,3,0,1,0,2,0,2022-02-15
False,False,True,6726,5,2,0,1,0,2,2,0,2022-02-15
False,False,True,6360,7,3,0,2,1,3,2,1,2022-02-15
False,False,True,6741,6,2,3,0,2,0,1,0,2022-02-15
False,False,False,6356,3,1,0,0,1,0,2,0,2022-02-15
False,False,True,6355,7,3,0,3,1,2,2,1,2022-02-15
False,False,True,6728,6,2,0,0,1,3,2,0,2022-02-15
False,False,True,6349,5,2,0,0,1,2,2,0,2022-02-15
True,False,False,6365,2,0,0,0,1,1,0,0,2022-02-15
False,False,True,6724,5,2,0,0,3,0,2,1,2022-02-15
False,False,True,6734,5,2,0,0,1,2,2,0,2022-02-15
True,False,False,6354,2,0,0,0,1,0,1,1,2022-02-15
False,False,False,6353,3,1,0,0,2,0,1,0,2022-02-15
False,True,False,6778,1,0,0,0,1,0,0,2,2022-02-16
False,True,False,6391,1,0,0,0,1,0,0,2,2022-02-16
False,False,False,6787,4,1,0,3,1,0,1,1,2022-02-16
True,False,False,6791,2,0,0,0,1,0,1,1,2022-02-16
False,True,True,6780,5,2,0,3,0,0,2,3,2022-02-16
False,True,False,6773,1,0,0,0,0,0,1,2,2022-02-16
False,True,False,6783,2,0,0,0,1,1,0,3,2022-02-16
False,True,False,6786,2,0,0,0,1,0,1,2,2022-02-16
False,False,False,6403,3,1,0,0,2,0,1,1,2022-02-16
False,True,False,6771,2,0,0,0,1,0,1,2,2022-02-16
False,False,False,6774,3,1,0,0,1,0,2,1,2022-02-16
False,True,False,6768,4,1,0,0,1,3,0,2,2022-02-16
False,False,True,6738,6,3,0,2,2,2,2,0,2022-02-16
False,True,False,6766,0,0,0,0,0,0,0,3,2022-02-16
False,True,True,6764,5,2,0,0,1,2,2,2,2022-02-16
False,True,True,6385,7,3,0,3,1,2,2,3,2022-02-16
False,True,False,6382,5,1,0,3,1,1,1,2,2022-02-16
False,False,True,6375,7,3,0,2,3,2,2,0,2022-02-16
False,True,True,6371,5,2,0,0,1,2,2,2,2022-02-16
False,True,False,6370,3,1,0,0,1,0,2,2,2022-02-16
False,False,True,6760,6,2,0,0,1,2,3,1,2022-02-16
False,False,False,6746,3,1,0,0,1,0,2,1,2022-02-16
False,True,False,6388,4,1,0,0,1,2,1,2,2022-02-16
False,True,True,6761,7,3,0,3,1,2,2,2,2022-02-16
False,True,False,6393,2,1,0,0,2,0,0,2,2022-02-16
False,False,True,6355,7,3,0,3,1,2,2,0,2022-02-16
False,False,True,6349,6,2,0,0,2,3,1,0,2022-02-16
False,False,False,6734,3,1,0,0,1,0,2,0,2022-02-16
False,False,False,6359,4,2,0,2,1,0,2,1,2022-02-16
True,False,False,6726,0,0,0,0,0,0,0,1,2022-02-16
False,False,False,6360,3,1,0,0,1,0,2,1,2022-02-16
False,False,False,6724,4,2,0,0,2,0,2,0,2022-02-16
False,False,True,6356,7,3,0,2,1,3,2,1,2022-02-16
False,False,False,6365,4,1,0,0,0,3,1,0,2022-02-16
True,False,False,6354,1,0,0,0,0,0,1,1,2022-02-16
False,True,True,6741,7,3,3,0,2,0,2,3,2022-02-16
False,False,True,6353,5,2,0,0,1,2,2,0,2022-02-16
False,False,True,6728,9,3,0,3,2,3,3,0,2022-02-16
False,False,False,6707,4,1,0,3,0,0,1,1,2022-02-16
False,False,True,6712,7,3,0,2,1,2,3,1,2022-02-16
False,False,True,6341,8,2,3,0,1,3,1,0,2022-02-16
False,False,True,6715,5,2,0,0,1,2,2,0,2022-02-16
True,False,False,6794,1,0,0,0,1,0,0,1,2022-02-17
False,True,True,6780,5,2,0,3,1,0,2,3,2022-02-17
False,True,True,6791,5,2,0,3,3,0,2,2,2022-02-17
False,True,False,6786,2,0,0,0,1,0,1,3,2022-02-17
False,True,True,6783,9,3,3,3,0,2,1,3,2022-02-17
True,False,False,6403,1,0,0,0,1,0,0,1,2022-02-17
False,True,False,6391,2,0,0,0,1,0,1,2,2022-02-17
False,True,True,6778,5,2,0,3,1,0,2,2,2022-02-17
False,False,True,6787,5,2,0,3,1,0,2,1,2022-02-17
True,False,False,6768,1,0,0,0,0,0,1,1,2022-02-17
True,False,False,6773,2,0,0,0,1,0,1,1,2022-02-17
True,False,False,6771,2,0,0,0,1,0,1,0,2022-02-17
True,False,False,6774,2,0,0,0,1,0,1,0,2022-02-17
False,True,False,6393,3,1,0,0,1,0,2,2,2022-02-17
False,False,False,6764,2,1,0,0,0,0,2,1,2022-02-17
False,True,False,6371,2,1,0,0,0,2,0,2,2022-02-17
False,False,False,6760,3,1,0,0,1,0,2,1,2022-02-17
False,False,True,6382,5,2,0,3,0,0,2,1,2022-02-17
False,False,False,6766,3,1,0,0,2,0,1,1,2022-02-17
False,False,True,6738,6,3,0,2,2,2,2,1,2022-02-17
False,False,False,6746,3,1,0,0,1,0,2,1,2022-02-17
False,True,True,6385,8,3,0,3,1,2,3,2,2022-02-17
False,True,False,6370,4,1,0,0,1,0,3,2,2022-02-17
False,False,True,6761,6,2,0,3,1,0,3,1,2022-02-17
False,True,False,6388,3,1,0,0,1,0,2,2,2022-02-17
False,False,False,6375,4,2,0,2,2,0,2,0,2022-02-17
False,False,True,6349,6,3,0,1,2,2,2,0,2022-02-17
False,True,True,6741,7,3,3,2,2,0,2,2,2022-02-17
False,False,False,6365,3,1,0,0,1,0,2,1,2022-02-17
True,False,False,6726,2,0,0,0,1,0,1,1,2022-02-17
False,False,False,6360,3,1,0,0,1,0,2,1,2022-02-17
False,False,True,6724,6,2,0,2,3,0,3,0,2022-02-17
False,False,True,6355,5,2,0,3,1,0,2,0,2022-02-17
False,False,False,6734,4,2,0,0,2,0,2,0,2022-02-17
False,False,True,6353,6,3,0,0,2,2,2,0,2022-02-17
False,False,False,6356,4,1,0,0,1,2,1,1,2022-02-17
True,False,False,6728,2,0,0,0,1,0,1,0,2022-02-17
True,False,False,6354,2,0,0,0,1,0,1,0,2022-02-17
True,False,False,6712,1,0,0,0,0,0,1,0,2022-02-17
False,False,False,6715,5,1,0,0,1,3,1,0,2022-02-17
True,False,False,6707,1,0,0,1,1,0,0,0,2022-02-17
False,False,True,6341,7,2,3,0,1,2,1,0,2022-02-17
False,False,False,6403,4,2,0,0,2,0,2,1,2022-02-18
False,True,False,6787,2,1,0,2,1,0,0,3,2022-02-18
False,True,False,6391,0,0,0,0,0,0,0,2,2022-02-18
False,True,False,6771,1,0,0,0,1,0,0,2,2022-02-18
False,True,True,6783,6,2,3,3,0,0,0,3,2022-02-18
False,True,True,6780,5,2,0,3,2,0,2,3,2022-02-18
True,False,False,6774,1,0,0,0,0,0,1,0,2022-02-18
False,False,False,6794,3,1,0,0,1,2,0,0,2022-02-18
False,True,False,6768,0,0,0,0,0,0,0,2,2022-02-18
False,True,False,6786,2,1,0,0,2,0,0,2,2022-02-18
False,True,False,6778,3,1,0,3,1,0,0,3,2022-02-18
False,True,False,6791,3,1,0,3,3,0,0,2,2022-02-18
True,False,False,6773,0,0,0,0,0,0,0,0,2022-02-18
False,True,False,6385,3,1,0,3,1,0,0,2,2022-02-18
False,True,False,6764,2,0,0,0,1,0,1,2,2022-02-18
False,True,False,6766,4,2,0,1,2,0,2,2,2022-02-18
False,False,True,6371,6,3,0,2,0,2,2,1,2022-02-18
False,True,True,6388,7,3,0,3,0,2,2,2,2022-02-18
False,False,False,6382,4,1,0,3,1,0,1,1,2022-02-18
False,False,True,6738,5,2,0,2,1,2,1,0,2022-02-18
False,True,True,6370,5,2,0,0,1,2,2,3,2022-02-18
False,False,False,6375,2,1,0,2,2,0,0,0,2022-02-18
False,False,False,6760,4,1,0,0,1,2,1,1,2022-02-18
False,False,False,6746,4,1,0,0,1,2,1,0,2022-02-18
False,False,True,6393,6,2,0,0,3,2,1,1,2022-02-18
False,False,True,6761,8,3,0,3,2,2,3,1,2022-02-18
False,False,False,6360,3,1,0,2,2,0,1,1,2022-02-18
True,False,False,6734,1,0,0,0,1,0,0,0,2022-02-18
False,True,False,6728,3,1,0,0,1,2,0,2,2022-02-18
False,False,False,6726,4,1,0,0,2,1,1,0,2022-02-18
False,True,True,6724,5,2,0,0,2,2,1,2,2022-02-18
False,False,False,6741,2,1,0,2,2,0,0,1,2022-02-18
False,False,False,6356,3,1,0,0,0,3,0,1,2022-02-18
True,False,False,6355,2,0,0,0,1,0,1,1,2022-02-18
True,False,False,6353,2,0,0,0,1,0,1,0,2022-02-18
True,False,False,6354,2,0,0,0,1,0,1,0,2022-02-18
False,False,True,6349,5,2,0,0,2,2,1,0,2022-02-18
False,False,True,6365,7,2,0,0,1,3,3,0,2022-02-18
False,False,False,6405,3,1,0,0,2,0,1,1,2022-02-18
True,False,False,6404,0,0,0,0,0,0,0,0,2022-02-18
True,False,False,6796,0,0,0,0,0,0,0,1,2022-02-18
True,False,False,6715,1,0,0,0,1,0,0,0,2022-02-18
False,False,True,6341,6,2,3,0,0,3,0,1,2022-02-18
True,False,False,6712,0,0,0,0,0,0,0,0,2022-02-18
True,False,False,6707,2,0,0,0,1,0,1,0,2022-02-18
False,True,False,6404,0,0,0,0,0,0,0,2,2022-02-19
True,False,False,6796,0,0,0,0,0,0,0,0,2022-02-19
False,True,True,6405,5,2,0,3,0,0,2,2,2022-02-19
False,False,True,6794,5,2,0,0,1,2,2,0,2022-02-19
False,True,False,6787,3,1,0,3,1,0,0,3,2022-02-19
False,True,False,6783,4,1,0,3,0,0,1,3,2022-02-19
False,True,True,6780,5,2,0,3,1,0,2,3,2022-02-19
True,False,False,6391,1,0,0,0,1,0,0,1,2022-02-19
False,False,False,6786,3,1,0,0,2,0,1,1,2022-02-19
False,True,False,6778,4,1,0,3,1,0,1,3,2022-02-19
True,False,False,6773,1,0,0,0,1,0,0,0,2022-02-19
False,True,False,6774,1,0,0,0,0,0,1,2,2022-02-19
False,False,True,6403,6,2,0,0,3,2,1,1,2022-02-19
False,False,False,6768,4,1,0,0,3,0,1,0,2022-02-19
False,False,False,6791,3,1,0,0,3,0,0,1,2022-02-19
False,True,False,6771,2,1,0,0,2,0,0,2,2022-02-19
False,False,True,6761,11,4,3,3,2,2,3,0,2022-02-19
False,True,False,6746,2,0,0,0,1,0,1,2,2022-02-19
False,False,False,6393,4,1,0,0,3,0,1,0,2022-02-19
False,True,False,6766,3,0,0,0,1,1,1,2,2022-02-19
False,True,True,6385,6,2,0,3,1,0,3,3,2022-02-19
False,False,True,6764,6,3,0,0,2,2,2,0,2022-02-19
False,False,False,6370,4,1,0,0,1,1,2,0,2022-02-19
False,False,True,6738,5,2,0,2,0,2,1,1,2022-02-19
False,False,True,6375,5,2,0,2,3,0,2,0,2022-02-19
True,False,False,6760,2,0,0,0,1,0,1,0,2022-02-19
False,False,False,6388,3,1,0,2,1,0,1,0,2022-02-19
False,False,True,6371,5,2,0,0,1,2,2,0,2022-02-19
False,False,False,6382,3,1,0,3,0,0,0,0,2022-02-19
False,False,False,6360,4,1,0,0,1,2,1,0,2022-02-19
False,False,True,6734,6,2,0,0,2,3,1,0,2022-02-19
True,False,False,6728,2,0,0,0,1,0,1,0,2022-02-19
True,False,False,6741,1,0,0,0,1,0,0,1,2022-02-19
False,False,True,6349,5,2,0,0,1,2,2,0,2022-02-19
True,False,False,6726,1,0,0,0,1,0,0,0,2022-02-19
False,False,False,6355,4,1,0,0,0,1,3,0,2022-02-19
False,False,True,6356,5,2,0,1,0,2,2,0,2022-02-19
False,False,True,6365,6,2,0,0,1,2,3,1,2022-02-19
True,False,False,6354,2,0,0,0,1,0,1,0,2022-02-19
False,False,False,6724,3,1,0,0,2,1,0,0,2022-02-19
True,False,False,6353,0,0,0,0,0,0,0,0,2022-02-19
True,False,False,6797,1,0,0,0,1,0,0,1,2022-02-20
False,True,False,6796,0,0,0,0,0,0,0,2,2022-02-20
True,False,False,6799,0,0,0,0,0,0,0,0,2022-02-20
False,True,False,6407,0,0,0,0,0,0,0,2,2022-02-20
False,True,False,6405,4,1,0,3,1,0,1,3,2022-02-20
False,True,False,6404,2,0,0,0,1,0,1,2,2022-02-20
False,False,False,6794,3,1,0,0,2,0,1,1,2022-02-20
False,False,False,6786,2,1,0,0,2,0,0,0,2022-02-20
False,False,False,6391,3,1,0,0,1,0,2,0,2022-02-20
False,True,False,6783,4,1,0,3,0,1,0,3,2022-02-20
False,False,True,6787,5,2,0,3,0,0,2,1,2022-02-20
False,False,False,6791,4,2,0,0,2,0,2,1,2022-02-20
False,False,True,6403,5,2,0,0,3,0,2,1,2022-02-20
False,True,False,6771,2,1,0,0,2,0,0,2,2022-02-20
False,True,True,6780,6,2,0,3,2,0,3,3,2022-02-20
False,True,False,6778,4,1,0,3,1,0,1,3,2022-02-20
True,False,False,6773,2,0,0,0,0,1,1,1,2022-02-20
True,False,False,6774,1,0,0,0,1,0,0,1,2022-02-20
False,True,True,6768,6,2,0,0,3,1,2,3,2022-02-20
True,False,False,6355,2,0,0,0,1,0,1,0,2022-02-20
False,False,False,6356,4,2,0,0,2,0,2,0,2022-02-20
False,False,False,6354,3,1,0,0,1,0,2,0,2022-02-20
False,False,False,6734,3,1,0,0,2,0,1,0,2022-02-20
True,False,False,6726,2,0,0,0,1,0,1,1,2022-02-20
False,False,True,6365,7,3,0,0,2,3,2,1,2022-02-20
False,False,False,6360,3,1,0,0,1,0,2,1,2022-02-20
False,False,True,6349,6,2,0,0,2,3,1,0,2022-02-20
False,False,True,6715,5,2,0,0,0,2,3,0,2022-02-20
False,False,False,6741,3,1,0,0,2,0,1,1,2022-02-20
False,False,False,6728,4,1,0,0,1,2,1,0,2022-02-20
False,False,False,6353,3,1,0,0,1,0,2,0,2022-02-20
False,False,False,6724,4,2,0,0,2,2,0,1,2022-02-20
False,False,True,6764,7,3,3,0,0,2,2,1,2022-02-20
False,False,True,6761,12,4,3,3,1,3,3,0,2022-02-20
False,False,True,6382,5,2,0,2,1,2,1,0,2022-02-20
False,False,False,6766,2,1,0,0,0,2,0,1,2022-02-20
False,False,True,6746,5,2,0,0,1,2,2,0,2022-02-20
False,False,True,6370,5,2,0,0,1,2,2,0,2022-02-20
False,False,False,6375,4,1,0,2,3,0,1,0,2022-02-20
False,False,False,6371,4,2,0,0,0,2,2,1,2022-02-20
False,False,True,6385,9,3,3,3,2,0,3,0,2022-02-20
False,False,False,6393,4,2,0,0,2,0,2,0,2022-02-20
False,False,False,6760,4,1,0,0,1,2,1,1,2022-02-20
False,False,True,6738,6,3,0,2,2,2,2,0,2022-02-20
False,True,False,6388,1,0,0,0,1,0,0,3,2022-02-20
True,False,False,6407,0,0,0,0,0,0,0,0,2022-02-21
False,True,False,6799,1,0,0,0,1,0,0,2,2022-02-21
False,True,False,6405,2,1,0,2,0,0,0,3,2022-02-21
False,True,False,6796,0,0,0,0,0,0,0,2,2022-02-21
False,True,False,6404,5,1,0,3,1,1,1,3,2022-02-21
False,True,False,6797,3,1,0,3,0,0,0,2,2022-02-21
False,True,False,6780,3,1,0,0,1,0,2,2,2022-02-21
False,True,False,6771,2,1,0,0,2,0,0,3,2022-02-21
False,True,True,6778,5,2,0,3,2,0,2,2,2022-02-21
True,False,False,6391,2,0,0,0,1,0,1,1,2022-02-21
False,True,False,6791,4,1,0,0,1,2,1,3,2022-02-21
False,False,False,6787,4,1,0,3,1,0,1,1,2022-02-21
False,True,False,6773,3,1,0,0,0,2,1,2,2022-02-21
False,True,True,6794,7,3,0,0,3,2,2,2,2022-02-21
False,True,True,6786,6,3,0,0,2,2,2,3,2022-02-21
False,True,False,6783,2,1,0,0,0,2,0,2,2022-02-21
False,True,False,6403,3,1,0,0,3,0,0,3,2022-02-21
False,False,False,6768,3,1,0,0,3,0,0,1,2022-02-21
False,True,False,6774,2,1,0,0,0,0,2,2,2022-02-21
False,False,True,6385,8,3,3,3,1,0,2,1,2022-02-21
False,True,False,6382,3,1,0,2,1,0,1,2,2022-02-21
False,False,True,6371,5,2,0,0,1,2,2,1,2022-02-21
False,False,True,6738,6,3,0,2,2,2,2,0,2022-02-21
False,False,True,6761,7,2,0,3,1,1,3,1,2022-02-21
False,False,True,6764,10,4,3,3,1,2,2,0,2022-02-21
False,False,False,6388,4,1,0,3,0,0,1,0,2022-02-21
False,True,False,6766,0,0,0,0,0,0,0,2,2022-02-21
True,False,False,6760,2,0,0,1,1,0,1,0,2022-02-21
False,False,True,6746,8,3,3,0,2,2,1,0,2022-02-21
False,True,False,6393,2,1,0,0,2,0,0,2,2022-02-21
False,True,False,6370,2,1,0,0,0,0,2,2,2022-02-21
False,False,False,6375,3,1,0,2,2,0,1,0,2022-02-21
False,False,True,6360,5,2,0,0,1,2,2,0,2022-02-21
True,False,False,6726,1,0,0,0,1,0,0,0,2022-02-21
False,False,True,6728,5,2,0,0,2,2,1,1,2022-02-21
False,False,False,6354,3,1,0,0,1,0,2,1,2022-02-21
False,False,True,6365,7,3,0,0,2,2,3,0,2022-02-21
False,False,True,6724,7,3,0,0,3,2,2,0,2022-02-21
False,False,False,6734,2,1,0,0,0,0,2,0,2022-02-21
False,False,True,6741,6,3,0,0,2,2,2,0,2022-02-21
False,False,False,6349,3,1,0,0,2,0,1,0,2022-02-21
False,False,False,6355,3,1,0,0,1,0,2,0,2022-02-21
False,False,False,6356,4,1,0,0,2,1,1,0,2022-02-21
False,False,True,6715,9,3,0,3,2,3,3,0,2022-02-21
False,True,False,6353,1,0,0,0,0,0,1,2,2022-02-21
False,True,True,6760,6,3,0,0,2,2,2,2,2022-02-22
False,False,True,6764,6,2,3,0,1,0,2,1,2022-02-22
False,False,True,6746,5,2,0,0,1,2,2,0,2022-02-22
False,True,True,6385,8,3,0,3,2,2,3,2,2022-02-22
False,True,True,6375,5,2,0,2,3,0,2,2,2022-02-22
False,True,True,6371,7,3,0,3,2,2,2,2,2022-02-22
False,True,False,6382,4,1,0,0,3,0,1,2,2022-02-22
False,True,False,6766,4,2,0,0,2,2,0,2,2022-02-22
False,True,False,6370,3,1,0,0,1,0,2,2,2022-02-22
False,True,False,6388,1,0,0,0,1,0,0,2,2022-02-22
False,True,True,6738,5,2,0,2,1,2,1,2,2022-02-22
False,False,False,6393,3,1,0,0,2,0,1,0,2022-02-22
False,False,True,6761,8,3,0,3,1,2,3,1,2022-02-22
True,False,False,6355,1,0,0,0,0,0,1,0,2022-02-22
False,False,False,6741,4,1,0,0,1,3,0,0,2022-02-22
True,False,False,6726,1,0,0,0,0,0,1,0,2022-02-22
False,True,False,6349,1,0,0,0,0,0,1,2,2022-02-22
False,False,False,6360,2,1,0,0,0,0,2,0,2022-02-22
False,False,False,6715,2,1,0,0,0,2,0,1,2022-02-22
True,False,False,6734,1,0,0,0,0,0,1,0,2022-02-22
False,True,False,6353,2,0,0,0,1,0,1,2,2022-02-22
False,False,False,6728,4,1,0,0,1,3,0,0,2022-02-22
False,False,False,6356,3,1,0,0,1,0,2,0,2022-02-22
True,False,False,6354,2,0,0,0,1,0,1,1,2022-02-22
False,False,False,6724,4,2,0,0,2,0,2,1,2022-02-22
False,False,False,6365,5,1,0,0,1,3,1,0,2022-02-22
False,True,False,6797,4,1,0,3,1,0,1,2,2022-02-22
False,False,False,6799,3,1,0,0,2,0,1,1,2022-02-22
False,True,True,6408,5,2,0,3,1,0,2,3,2022-02-22
False,False,False,6405,3,1,0,3,0,0,0,1,2022-02-22
False,True,False,6404,2,0,0,0,0,1,1,3,2022-02-22
False,False,True,6800,7,2,0,0,3,1,3,1,2022-02-22
True,False,False,6410,0,0,0,0,0,0,0,0,2022-02-22
False,False,False,6407,2,1,0,0,0,2,0,1,2022-02-22
True,False,False,6796,2,0,0,0,0,1,1,0,2022-02-22
False,False,False,6403,4,1,0,0,3,0,1,1,2022-02-22
False,False,False,6391,3,1,0,0,1,2,0,1,2022-02-22
False,True,False,6783,3,1,0,3,1,0,0,2,2022-02-22
False,True,False,6791,0,0,0,0,0,0,0,2,2022-02-22
False,False,True,6768,6,2,3,0,1,2,0,1,2022-02-22
False,True,False,6787,3,1,0,3,1,0,0,2,2022-02-22
False,True,False,6780,4,1,0,0,1,1,2,2,2022-02-22
False,False,True,6778,5,2,0,3,1,0,2,0,2022-02-22
False,False,False,6786,4,2,0,0,2,0,2,0,2022-02-22
False,False,False,6774,2,1,0,0,0,0,2,1,2022-02-22
False,True,True,6794,6,2,0,0,3,2,1,3,2022-02-22
False,True,False,6771,2,1,0,0,2,0,0,2,2022-02-22
False,True,False,6773,3,0,0,0,1,1,1,2,2022-02-22
False,True,False,6412,1,0,0,0,1,0,0,2,2022-02-23
False,False,False,6800,2,1,0,0,2,0,0,1,2022-02-23
False,True,False,6410,1,0,0,0,0,1,0,2,2022-02-23
False,True,False,6407,1,0,0,0,0,1,0,3,2022-02-23
False,True,True,6404,7,3,0,3,0,2,2,3,2022-02-23
False,True,False,6799,3,1,0,0,1,2,0,2,2022-02-23
False,False,False,6797,4,1,0,3,0,0,1,1,2022-02-23
False,True,False,6405,4,1,0,3,1,0,1,3,2022-02-23
False,False,True,6796,5,2,0,3,0,0,2,0,2022-02-23
False,True,True,6794,6,3,0,2,1,2,2,2,2022-02-23
False,False,True,6403,5,2,0,0,2,2,1,0,2022-02-23
False,False,False,6391,2,1,0,0,2,0,0,0,2022-02-23
False,True,False,6783,4,1,0,3,1,0,1,3,2022-02-23
False,True,False,6771,2,1,0,0,2,0,0,2,2022-02-23
False,True,True,6787,5,2,0,3,0,0,2,2,2022-02-23
False,True,False,6791,2,1,0,0,0,2,0,3,2022-02-23
False,False,False,6780,3,1,0,0,1,0,2,1,2022-02-23
False,False,False,6773,2,1,0,0,0,0,2,1,2022-02-23
False,False,False,6778,3,1,0,0,2,0,1,0,2022-02-23
False,False,True,6774,6,2,3,0,1,0,2,0,2022-02-23
True,False,False,6786,2,0,0,0,1,0,1,0,2022-02-23
False,False,True,6768,6,3,0,0,2,2,2,0,2022-02-23
False,False,True,6761,7,3,0,3,2,2,2,0,2022-02-23
False,False,True,6764,9,3,3,3,1,1,2,0,2022-02-23
False,False,True,6760,8,3,3,0,2,2,1,0,2022-02-23
False,False,False,6766,2,1,0,0,2,0,0,1,2022-02-23
False,False,True,6738,6,2,0,2,2,3,1,0,2022-02-23
False,False,False,6375,3,1,0,2,2,0,1,0,2022-02-23
False,True,True,6385,8,3,3,3,2,0,2,2,2022-02-23
False,False,False,6371,4,2,0,0,0,2,2,1,2022-02-23
False,False,True,6370,5,2,0,0,1,2,2,0,2022-02-23
False,False,False,6393,4,2,0,0,2,0,2,1,2022-02-23
False,True,False,6382,1,0,0,0,1,0,0,2,2022-02-23
False,False,False,6746,3,1,0,0,0,2,1,0,2022-02-23
True,False,False,6388,0,0,0,0,0,0,0,1,2022-02-23
False,False,False,6355,2,1,0,0,0,2,0,1,2022-02-23
False,False,False,6360,4,1,0,0,1,2,1,1,2022-02-23
False,False,False,6726,3,1,0,0,1,2,0,0,2022-02-23
False,False,True,6741,5,2,0,0,2,3,0,0,2022-02-23
False,False,False,6728,3,1,0,0,1,2,0,0,2022-02-23
False,False,True,6715,5,2,0,0,2,2,1,1,2022-02-23
False,False,False,6365,5,1,0,0,1,3,1,0,2022-02-23
False,True,False,6353,2,1,0,0,0,2,0,2,2022-02-23
False,False,False,6349,3,1,0,0,1,2,0,1,2022-02-23
False,False,False,6356,4,1,0,0,1,2,1,0,2022-02-23
False,False,True,6734,5,2,0,0,1,2,2,0,2022-02-23
True,False,False,6354,1,0,0,0,1,0,0,0,2022-02-23
False,False,True,6724,5,2,0,0,2,2,1,1,2022-02-23
False,True,False,6412,2,0,0,0,0,1,1,2,2022-02-24
False,True,True,6800,5,2,0,0,3,0,2,3,2022-02-24
False,True,False,6404,4,1,0,3,1,1,0,3,2022-02-24
False,True,True,6796,6,2,0,3,1,0,3,3,2022-02-24
False,True,False,6799,1,0,0,0,1,0,0,2,2022-02-24
False,True,False,6407,3,1,0,2,1,1,0,2,2022-02-24
False,True,False,6405,2,1,0,2,1,0,0,2,2022-02-24
False,True,False,6797,3,1,0,0,1,0,2,2,2022-02-24
True,False,False,6410,2,0,0,0,1,1,0,1,2022-02-24
False,False,False,6341,2,1,0,0,2,0,0,1,2022-02-24
False,True,False,6786,4,2,0,0,2,0,2,2,2022-02-24
False,False,False,6783,3,1,0,3,1,0,0,1,2022-02-24
False,True,False,6791,3,1,0,0,1,2,0,3,2022-02-24
False,True,True,6778,8,3,3,3,2,0,2,2,2022-02-24
False,True,False,6780,4,1,0,0,1,1,2,2,2022-02-24
False,False,True,6768,5,2,0,0,2,2,1,1,2022-02-24
False,True,False,6771,4,2,0,0,2,0,2,2,2022-02-24
False,True,False,6787,4,1,0,3,1,0,1,2,2022-02-24
False,True,True,6794,7,3,0,0,3,2,2,3,2022-02-24
True,False,False,6773,1,0,0,0,0,0,1,1,2022-02-24
False,True,False,6774,1,0,0,0,0,0,1,2,2022-02-24
False,False,False,6403,5,1,0,0,3,1,1,1,2022-02-24
False,False,True,6764,10,4,3,3,1,2,2,0,2022-02-24
False,False,False,6760,2,1,0,0,2,0,0,0,2022-02-24
True,False,False,6766,1,0,0,0,1,0,0,1,2022-02-24
False,False,True,6761,8,3,0,3,2,2,3,0,2022-02-24
False,False,True,6370,5,2,0,0,1,2,2,0,2022-02-24
False,True,True,6385,9,3,3,3,2,0,3,2,2022-02-24
False,False,True,6371,5,2,0,0,1,2,2,1,2022-02-24
True,False,False,6388,2,0,0,0,1,0,1,1,2022-02-24
False,False,False,6382,4,2,0,0,2,0,2,0,2022-02-24
False,False,False,6738,4,2,0,2,1,2,0,0,2022-02-24
False,False,True,6746,7,2,3,0,1,2,1,1,2022-02-24
True,False,False,6393,1,0,0,0,0,1,0,1,2022-02-24
False,False,True,6375,5,2,0,2,3,0,2,0,2022-02-24
False,False,True,6365,9,3,0,3,1,3,3,1,2022-02-24
True,False,False,6354,1,0,0,0,1,0,0,1,2022-02-24
False,False,True,6715,7,3,0,0,2,3,2,1,2022-02-24
False,False,False,6734,3,1,0,0,1,2,0,0,2022-02-24
False,True,False,6360,4,1,0,0,1,2,1,2,2022-02-24
False,False,False,6741,3,1,0,0,2,0,1,1,2022-02-24
True,False,False,6349,2,0,0,0,1,0,1,0,2022-02-24
False,False,False,6724,4,2,0,0,2,2,0,1,2022-02-24
False,True,True,6728,6,3,0,0,2,2,2,3,2022-02-24
True,False,False,6726,2,0,0,0,1,1,0,0,2022-02-24
True,False,False,6355,1,0,0,0,1,0,0,0,2022-02-24
True,False,False,6353,2,0,0,0,1,1,0,0,2022-02-24
False,False,False,6356,3,1,0,0,2,0,1,1,2022-02-24
False,True,False,6405,4,1,0,3,1,0,1,3,2022-02-25
False,True,False,6412,1,0,0,0,1,0,0,3,2022-02-25
False,False,False,6410,4,1,0,3,0,0,1,1,2022-02-25
False,True,False,6796,3,1,0,3,1,0,0,2,2022-02-25
False,True,True,6800,8,3,0,3,2,2,3,2,2022-02-25
False,True,True,6797,7,3,0,3,1,2,2,2,2022-02-25
False,True,False,6404,5,1,0,3,1,1,1,3,2022-02-25
False,True,True,6407,6,2,0,3,1,1,2,3,2022-02-25
False,True,False,6799,2,0,0,0,1,0,1,3,2022-02-25
False,True,True,6778,9,3,3,3,2,0,3,2,2022-02-25
False,True,False,6787,3,1,0,3,0,0,0,3,2022-02-25
False,False,True,6768,6,2,0,0,3,2,1,1,2022-02-25
False,False,False,6391,4,2,0,0,2,0,2,0,2022-02-25
False,False,False,6403,2,1,0,0,2,0,0,1,2022-02-25
False,False,True,6771,5,2,0,0,2,2,1,0,2022-02-25
False,True,True,6794,5,2,0,3,2,2,0,2,2022-02-25
False,False,True,6786,5,2,0,0,2,0,3,1,2022-02-25
False,True,False,6780,2,0,0,0,1,0,1,2,2022-02-25
False,False,False,6773,2,1,0,0,0,0,2,0,2022-02-25
False,False,False,6774,3,1,0,0,1,0,2,1,2022-02-25
False,True,False,6791,3,1,0,0,1,2,0,3,2022-02-25
False,True,False,6783,4,1,0,0,2,1,1,2,2022-02-25
True,False,False,6354,2,0,0,0,1,0,1,0,2022-02-25
True,False,False,6355,2,0,0,0,1,0,1,0,2022-02-25
False,False,False,6741,3,1,0,0,2,0,1,1,2022-02-25
False,True,True,6724,7,3,0,0,3,2,2,2,2022-02-25
False,False,True,6365,9,3,0,3,3,3,3,0,2022-02-25
False,False,False,6726,3,1,0,0,1,2,0,1,2022-02-25
False,False,False,6353,3,1,0,0,1,0,2,0,2022-02-25
False,False,False,6734,4,2,0,0,2,0,2,0,2022-02-25
False,False,False,6349,4,2,0,0,2,0,2,0,2022-02-25
False,False,False,6360,4,1,0,0,1,2,1,0,2022-02-25
True,False,False,6728,2,0,0,0,1,1,0,0,2022-02-25
False,False,True,6715,8,3,0,0,2,3,3,0,2022-02-25
False,False,True,6356,5,2,0,0,2,2,1,1,2022-02-25
False,False,False,6766,3,1,0,0,3,0,0,1,2022-02-25
False,False,True,6760,6,2,0,3,3,2,1,0,2022-02-25
False,False,True,6385,9,3,3,3,2,0,3,1,2022-02-25
False,True,False,6382,3,1,0,2,2,0,1,2,2022-02-25
False,False,True,6764,9,3,3,0,1,3,2,0,2022-02-25
False,False,True,6746,6,2,0,0,1,2,3,0,2022-02-25
False,False,True,6388,5,2,0,3,2,2,0,1,2022-02-25
False,False,True,6738,6,3,0,2,1,2,2,0,2022-02-25
True,False,False,6393,2,0,0,0,1,0,1,0,2022-02-25
True,False,False,6371,3,0,0,0,1,1,1,0,2022-02-25
False,False,True,6761,8,3,0,3,3,2,3,0,2022-02-25
False,False,True,6370,6,3,0,0,2,2,2,0,2022-02-25
False,False,False,6375,4,1,0,2,3,0,1,0,2022-02-25
False,False,True,6800,5,2,0,3,2,0,2,0,2022-02-26
False,True,False,6799,1,0,0,0,1,0,0,3,2022-02-26
False,False,False,6405,3,1,0,0,2,0,1,0,2022-02-26
False,True,False,6407,3,1,0,0,1,0,2,3,2022-02-26
True,False,False,6412,3,0,0,0,1,1,1,0,2022-02-26
False,True,False,6404,1,0,0,0,1,0,0,2,2022-02-26
False,True,True,6410,6,2,0,3,1,1,2,3,2022-02-26
False,False,False,6796,4,1,0,3,2,0,1,1,2022-02-26
False,True,False,6797,4,1,0,3,1,0,1,3,2022-02-26
False,False,True,6791,6,3,0,2,1,2,2,1,2022-02-26
False,False,False,6391,4,1,0,0,3,0,1,1,2022-02-26
True,False,False,6773,0,0,0,0,0,0,0,0,2022-02-26
False,False,True,6768,6,3,0,0,2,2,2,1,2022-02-26
False,True,True,6787,5,2,0,3,1,0,2,2,2022-02-26
False,True,False,6780,3,1,0,0,1,0,2,2,2022-02-26
False,True,False,6778,3,1,0,2,2,0,1,2,2022-02-26
False,True,False,6771,3,1,0,0,3,0,0,2,2022-02-26
False,True,False,6403,2,1,0,0,2,0,0,2,2022-02-26
False,True,True,6794,6,3,0,0,2,2,2,3,2022-02-26
False,False,False,6786,4,2,0,0,2,0,2,0,2022-02-26
False,True,False,6774,2,0,0,0,1,0,1,2,2022-02-26
True,False,False,6783,1,0,0,0,1,0,0,1,2022-02-26
False,False,True,6761,8,3,0,3,2,2,3,0,2022-02-26
False,False,True,6766,5,2,0,0,2,2,1,0,2022-02-26
False,False,True,6370,5,2,0,0,2,2,1,0,2022-02-26
False,False,True,6385,11,4,3,3,2,2,3,1,2022-02-26
True,False,False,6382,1,0,0,0,1,0,0,0,2022-02-26
False,False,False,6738,4,2,0,2,1,2,0,0,2022-02-26
False,True,True,6764,8,3,3,2,1,2,1,2,2022-02-26
False,False,True,6760,7,3,0,0,2,3,2,0,2022-02-26
True,False,False,6388,2,0,0,0,1,0,1,0,2022-02-26
False,False,True,6371,5,2,0,0,1,2,2,0,2022-02-26
False,False,False,6393,3,1,0,0,1,0,2,0,2022-02-26
False,False,False,6746,3,1,0,0,1,2,0,0,2022-02-26
False,False,False,6375,3,1,0,2,3,0,0,0,2022-02-26
False,False,True,6365,8,3,0,0,2,3,3,0,2022-02-26
False,False,False,6360,3,1,0,0,1,0,2,1,2022-02-26
False,True,False,6741,2,1,0,0,2,0,0,2,2022-02-26
True,False,False,6728,2,0,0,0,1,1,0,0,2022-02-26
True,False,False,6726,1,0,0,0,1,0,0,0,2022-02-26
False,True,True,6724,5,2,0,0,2,2,1,3,2022-02-26
False,False,True,6715,5,2,0,0,2,2,1,1,2022-02-26
False,False,False,6353,3,1,0,0,2,0,1,0,2022-02-26
False,True,False,6349,2,0,0,0,1,0,1,2,2022-02-26
False,False,True,6734,5,2,0,0,2,0,3,0,2022-02-26
False,False,False,6356,4,2,0,0,2,0,2,1,2022-02-26
False,False,False,6355,3,1,0,0,1,0,2,0,2022-02-26
False,False,False,6354,3,1,0,0,1,0,2,0,2022-02-26
False,True,False,6410,2,0,0,0,0,1,1,3,2022-02-27
False,True,False,6796,4,1,0,3,1,0,1,3,2022-02-27
False,False,False,6799,2,1,0,0,0,0,2,0,2022-02-27
False,True,False,6407,2,0,0,0,0,1,1,3,2022-02-27
False,True,False,6800,5,1,0,3,1,1,1,3,2022-02-27
False,True,False,6797,4,1,0,3,1,0,1,2,2022-02-27
False,True,False,6404,1,0,0,0,0,1,0,2,2022-02-27
False,True,True,6412,5,2,0,3,1,0,2,3,2022-02-27
False,True,False,6405,2,0,0,0,1,0,1,3,2022-02-27
True,False,False,6810,2,0,0,0,1,1,0,1,2022-02-27
True,False,False,6809,0,0,0,0,0,0,0,1,2022-02-27
False,False,False,6787,4,1,0,3,1,0,1,0,2022-02-27
False,False,True,6778,8,3,3,3,2,0,2,1,2022-02-27
True,False,False,6783,2,0,0,0,1,0,1,1,2022-02-27
False,False,False,6391,2,1,0,0,2,0,0,1,2022-02-27
True,False,False,6773,0,0,0,0,0,0,0,0,2022-02-27
False,False,True,6780,6,3,0,0,2,2,2,1,2022-02-27
False,False,True,6768,6,3,0,0,2,2,2,0,2022-02-27
False,False,False,6771,3,1,0,0,3,0,0,0,2022-02-27
False,True,False,6791,2,1,0,2,1,0,0,2,2022-02-27
False,False,False,6786,2,1,0,0,2,0,0,0,2022-02-27
False,True,False,6403,0,0,0,0,0,0,0,2,2022-02-27
False,False,True,6774,6,2,0,0,3,2,1,0,2022-02-27
False,False,True,6794,6,2,0,0,3,2,1,0,2022-02-27
False,False,True,6761,7,3,0,3,2,2,2,1,2022-02-27
False,False,True,6764,10,4,3,2,1,3,2,1,2022-02-27
False,True,False,6371,4,1,0,0,1,1,2,2,2022-02-27
False,False,False,6738,3,1,0,2,0,0,1,0,2022-02-27
True,False,False,6393,1,0,0,0,1,0,0,0,2022-02-27
False,False,True,6385,11,4,3,3,2,3,2,1,2022-02-27
True,False,False,6766,1,0,0,0,1,0,0,1,2022-02-27
False,True,False,6382,3,1,0,0,2,0,1,2,2022-02-27
False,False,True,6370,5,2,0,0,1,2,2,0,2022-02-27
False,True,False,6388,4,1,0,0,1,2,1,2,2022-02-27
False,False,False,6760,4,2,0,0,2,2,0,0,2022-02-27
False,False,False,6746,4,1,0,0,1,2,1,0,2022-02-27
False,False,False,6375,2,1,0,2,2,0,0,0,2022-02-27
True,False,False,6355,0,0,0,0,0,0,0,0,2022-02-27
False,False,True,6365,8,3,0,3,1,3,2,0,2022-02-27
False,False,False,6349,3,1,0,0,1,2,0,0,2022-02-27
False,False,False,6724,4,2,0,0,2,2,0,1,2022-02-27
False,False,False,6741,4,2,0,0,2,2,0,0,2022-02-27
False,False,False,6360,4,1,0,0,1,2,1,0,2022-02-27
False,False,False,6728,4,2,0,0,2,2,0,0,2022-02-27
True,False,False,6353,1,0,0,0,1,0,0,0,2022-02-27
True,False,False,6726,0,0,0,0,0,0,0,0,2022-02-27
True,False,False,6354,1,0,0,0,0,0,1,0,2022-02-27
True,False,False,6734,2,0,0,0,1,0,1,1,2022-02-27
False,False,False,6356,2,1,0,0,2,0,0,1,2022-02-27
False,False,True,6715,5,2,0,0,2,2,1,1,2022-02-27
False,True,True,6800,6,2,0,3,1,1,2,3,2022-02-28
False,True,False,6799,2,1,0,0,0,2,0,3,2022-02-28
False,True,False,6404,1,0,0,0,1,0,0,2,2022-02-28
False,True,False,6407,2,0,0,0,1,1,0,2,2022-02-28
False,False,False,6810,4,2,0,0,2,2,0,1,2022-02-28
False,True,True,6412,6,2,0,3,2,1,2,3,2022-02-28
False,True,True,6796,6,2,0,3,1,2,1,3,2022-02-28
False,True,False,6797,2,0,0,0,1,1,0,2,2022-02-28
False,True,False,6410,3,1,0,0,0,1,2,2,2022-02-28
False,False,True,6809,5,2,0,0,1,2,2,0,2022-02-28
False,True,False,6405,3,1,0,0,1,0,2,2,2022-02-28
False,False,True,6768,5,2,0,0,2,2,1,0,2022-02-28
True,False,False,6773,2,0,0,1,0,1,0,1,2022-02-28
False,False,False,6391,2,1,0,0,2,0,0,1,2022-02-28
False,False,False,6780,4,2,0,1,2,0,2,1,2022-02-28
False,True,True,6774,5,2,0,0,3,0,2,2,2022-02-28
False,False,True,6771,5,2,0,0,3,0,2,0,2022-02-28
False,False,True,6794,6,3,0,0,2,2,2,1,2022-02-28
False,False,False,6778,4,1,0,3,2,0,1,1,2022-02-28
False,False,False,6783,2,1,0,0,2,0,0,0,2022-02-28
False,False,True,6786,5,2,0,0,3,0,2,0,2022-02-28
False,False,False,6403,4,2,0,0,2,2,0,0,2022-02-28
False,False,False,6787,4,2,0,2,2,0,2,0,2022-02-28
False,False,False,6791,3,1,0,0,2,0,1,0,2022-02-28
False,False,True,6764,11,4,3,3,2,2,3,1,2022-02-28
False,False,True,6385,8,3,3,3,2,0,2,0,2022-02-28
True,False,False,6388,3,0,0,0,1,1,1,0,2022-02-28
False,False,False,6766,4,2,0,0,2,2,0,0,2022-02-28
False,False,False,6382,4,2,0,0,2,0,2,0,2022-02-28
False,False,False,6370,4,2,0,0,2,0,2,0,2022-02-28
False,True,False,6746,3,1,0,0,1,2,0,2,2022-02-28
True,False,False,6760,2,0,0,0,1,0,1,0,2022-02-28
False,False,True,6761,8,3,0,3,2,2,3,0,2022-02-28
False,False,False,6393,3,1,0,0,1,0,2,0,2022-02-28
False,False,True,6371,5,2,0,2,1,2,1,0,2022-02-28
False,False,True,6738,5,2,0,2,1,2,1,0,2022-02-28
False,False,False,6375,3,1,0,2,2,0,1,0,2022-02-28
False,False,True,6741,6,2,3,0,2,0,1,0,2022-02-28
False,False,False,6360,4,1,0,0,1,1,2,0,2022-02-28
True,False,False,6734,1,0,0,0,1,0,0,0,2022-02-28
True,False,False,6355,1,0,0,0,0,0,1,0,2022-02-28
False,True,False,6724,4,2,0,0,2,2,0,2,2022-02-28
False,False,False,6349,4,1,0,0,1,2,1,0,2022-02-28
False,False,False,6728,3,1,0,0,1,2,0,0,2022-02-28
False,False,True,6356,5,2,0,0,2,2,1,0,2022-02-28
False,False,False,6726,3,1,0,0,1,2,0,0,2022-02-28
False,False,True,6365,6,2,0,0,1,3,2,0,2022-02-28
False,False,False,6353,2,1,0,0,2,0,0,0,2022-02-28
False,False,True,6715,7,2,0,3,1,3,1,1,2022-02-28
True,False,False,6354,1,0,0,0,1,0,0,0,2022-02-28
False,True,False,6410,4,1,0,2,0,1,1,2,2022-03-01
True,False,False,6797,2,0,0,0,1,0,1,0,2022-03-01
False,False,False,6412,4,1,0,3,1,1,0,1,2022-03-01
False,False,True,6407,5,2,0,0,2,1,2,1,2022-03-01
False,True,False,6799,1,0,0,0,1,0,0,3,2022-03-01
False,True,False,6796,4,1,0,3,2,1,0,2,2022-03-01
False,True,True,6404,11,4,3,3,3,2,3,3,2022-03-01
False,True,False,6800,3,0,0,0,1,1,1,3,2022-03-01
False,True,False,6405,1,0,0,0,1,0,0,2,2022-03-01
False,False,True,6809,5,2,0,2,0,0,3,1,2022-03-01
False,False,True,6810,5,2,0,0,3,2,0,1,2022-03-01
False,False,False,6778,3,1,0,3,3,0,0,1,2022-03-01
False,False,False,6771,3,1,0,0,3,0,0,0,2022-03-01
False,True,False,6391,1,0,0,0,1,0,0,2,2022-03-01
True,False,False,6773,0,0,0,0,0,0,0,0,2022-03-01
False,False,False,6787,3,1,0,2,1,0,1,1,2022-03-01
False,False,False,6780,4,1,0,0,1,1,2,0,2022-03-01
False,False,False,6768,4,1,0,0,2,1,1,0,2022-03-01
False,False,True,6794,9,3,3,0,3,1,2,1,2022-03-01
False,False,True,6774,5,2,0,0,3,0,2,0,2022-03-01
False,False,False,6403,2,1,0,0,2,0,0,1,2022-03-01
False,False,False,6791,3,1,0,0,2,0,1,1,2022-03-01
False,True,True,6786,5,2,0,0,3,0,2,2,2022-03-01
True,False,False,6783,2,0,0,0,1,1,0,1,2022-03-01
False,False,True,6761,8,3,0,3,1,2,3,0,2022-03-01
False,False,False,6371,4,2,0,2,1,0,2,0,2022-03-01
False,False,False,6370,4,2,0,0,2,0,2,0,2022-03-01
False,False,True,6385,8,3,3,3,2,0,2,0,2022-03-01
False,False,False,6738,4,2,0,2,1,2,0,0,2022-03-01
False,False,False,6382,4,2,0,0,2,0,2,0,2022-03-01
False,False,True,6764,10,4,3,0,2,3,2,0,2022-03-01
True,False,False,6766,1,0,0,0,1,0,0,0,2022-03-01
False,False,False,6746,5,1,0,0,1,3,1,0,2022-03-01
False,False,True,6760,6,3,0,0,2,2,2,0,2022-03-01
False,True,False,6388,4,1,0,3,1,0,1,2,2022-03-01
False,False,True,6393,5,2,0,2,2,1,2,0,2022-03-01
False,False,True,6375,6,3,0,0,2,2,2,0,2022-03-01
False,False,True,6741,5,2,0,0,2,3,0,0,2022-03-01
False,False,True,6365,8,3,0,3,1,3,2,0,2022-03-01
True,False,False,6726,1,0,0,0,1,0,0,0,2022-03-01
True,False,False,6734,1,0,0,0,1,0,0,0,2022-03-01
False,False,False,6349,4,1,0,0,1,2,1,0,2022-03-01
False,False,True,6356,5,2,0,0,2,2,1,0,2022-03-01
False,False,False,6360,3,1,0,0,1,0,2,0,2022-03-01
True,False,False,6355,0,0,0,0,0,0,0,0,2022-03-01
False,False,False,6724,2,1,0,0,2,0,0,0,2022-03-01
True,False,False,6353,1,0,0,0,1,0,0,0,2022-03-01
False,False,False,6728,3,1,0,0,1,2,0,0,2022-03-01
False,False,False,6354,3,1,0,0,1,0,2,0,2022-03-01
True,False,False,6715,2,0,0,0,1,1,0,0,2022-03-01
True,False,False,6412,3,0,0,0,1,1,1,0,2022-03-02
False,True,True,6404,8,3,3,3,1,2,0,3,2022-03-02
False,True,False,6799,0,0,0,0,0,0,0,3,2022-03-02
False,True,True,6405,5,2,0,3,1,0,2,2,2022-03-02
False,True,True,6410,6,2,0,3,0,2,1,3,2022-03-02
False,False,True,6810,9,3,3,0,3,2,1,0,2022-03-02
False,True,False,6796,5,1,0,3,1,1,1,2,2022-03-02
False,True,False,6800,4,1,0,3,1,0,1,3,2022-03-02
False,True,False,6407,4,1,0,3,2,0,1,2,2022-03-02
False,True,False,6809,2,1,0,0,0,0,2,2,2022-03-02
True,False,False,6797,1,0,0,0,1,0,0,0,2022-03-02
False,True,False,6787,2,1,0,0,2,0,0,2,2022-03-02
True,False,False,6391,1,0,0,0,1,0,0,0,2022-03-02
False,False,False,6791,4,2,0,2,2,0,2,1,2022-03-02
False,True,True,6794,7,3,0,0,3,2,2,2,2022-03-02
False,True,True,6780,5,2,0,3,1,0,2,2,2022-03-02
False,False,True,6768,5,2,0,0,2,2,1,0,2022-03-02
False,True,True,6771,6,2,0,1,3,1,2,2,2022-03-02
True,False,False,6773,1,0,0,0,0,1,0,0,2022-03-02
False,False,False,6783,3,1,0,0,2,0,1,0,2022-03-02
False,False,False,6403,3,1,0,0,3,0,0,1,2022-03-02
False,False,False,6786,3,1,0,0,2,0,1,0,2022-03-02
False,True,False,6778,4,1,0,1,3,0,1,2,2022-03-02
False,False,False,6774,4,1,0,2,1,1,1,0,2022-03-02
False,False,True,6761,6,3,0,0,2,2,2,0,2022-03-02
False,True,True,6764,9,3,3,0,2,3,1,2,2022-03-02
False,True,True,6746,5,2,0,0,1,2,2,2,2022-03-02
False,False,True,6385,5,2,0,3,2,0,2,0,2022-03-02
True,False,False,6388,2,0,0,0,1,0,1,0,2022-03-02
False,False,True,6382,5,2,0,0,2,2,1,0,2022-03-02
False,False,False,6760,3,1,0,0,2,1,0,0,2022-03-02
False,False,False,6766,3,1,0,0,1,2,0,0,2022-03-02
True,False,False,6393,3,0,0,0,1,1,1,0,2022-03-02
False,False,True,6370,5,2,0,0,1,2,2,0,2022-03-02
False,False,False,6371,4,2,0,0,2,0,2,0,2022-03-02
False,False,True,6738,5,2,0,2,3,2,0,0,2022-03-02
False,False,False,6375,3,1,0,0,2,0,1,0,2022-03-02
False,False,True,6365,8,3,0,3,0,2,3,0,2022-03-02
False,False,False,6811,3,1,0,2,1,1,0,0,2022-03-03
False,True,True,6796,6,2,0,3,1,1,2,3,2022-03-03
False,True,False,6410,4,2,0,2,0,2,0,2,2022-03-03
False,False,True,6810,5,2,0,0,3,2,0,1,2022-03-03
False,False,False,6797,3,1,0,0,1,2,0,1,2022-03-03
False,False,False,6412,4,1,0,0,2,1,1,1,2022-03-03
False,True,False,6405,3,1,0,2,1,0,1,2,2022-03-03
False,True,False,6407,5,1,0,3,2,1,1,2,2022-03-03
False,False,True,6404,10,4,3,3,2,2,2,1,2022-03-03
False,True,True,6800,5,2,0,3,1,0,2,2,2022-03-03
False,False,False,6799,4,1,0,0,1,2,1,0,2022-03-03
False,False,False,6809,2,1,0,0,0,0,2,1,2022-03-03
False,True,False,6391,1,0,0,0,1,0,0,2,2022-03-03
False,True,False,6778,4,1,0,3,3,0,1,2,2022-03-03
False,True,False,6771,3,1,0,0,3,0,0,3,2022-03-03
False,True,True,6794,6,3,0,0,2,2,2,2,2022-03-03
False,False,False,6783,3,1,0,0,2,0,1,0,2022-03-03
False,True,False,6787,3,1,0,3,1,0,0,2,2022-03-03
False,False,True,6780,7,2,3,0,1,1,2,1,2022-03-03
True,False,False,6773,1,0,0,0,0,0,1,0,2022-03-03
False,True,True,6786,5,2,0,0,3,0,2,3,2022-03-03
False,False,False,6791,4,2,0,0,2,0,2,0,2022-03-03
False,False,True,6403,5,2,0,0,3,2,0,0,2022-03-03
False,False,False,6768,4,1,0,0,1,1,2,0,2022-03-03
False,False,False,6774,3,1,0,0,0,2,1,0,2022-03-03
False,False,True,6761,11,4,3,3,2,2,3,0,2022-03-03
False,False,False,6382,3,1,0,0,2,0,1,0,2022-03-03
False,True,False,6371,4,1,0,0,1,2,1,3,2022-03-03
False,False,False,6746,3,1,0,0,1,2,0,0,2022-03-03
True,False,False,6388,2,0,0,0,1,0,1,0,2022-03-03
False,False,True,6370,5,2,0,0,2,1,2,0,2022-03-03
False,False,True,6385,10,4,3,3,0,2,2,0,2022-03-03
True,False,False,6766,2,0,0,0,1,0,1,0,2022-03-03
False,False,False,6764,4,1,0,0,1,2,1,0,2022-03-03
False,False,False,6738,4,2,0,2,2,2,0,0,2022-03-03
False,False,True,6393,5,2,0,2,1,1,2,0,2022-03-03
False,False,False,6760,3,1,0,0,0,2,1,0,2022-03-03
False,False,False,6375,3,1,0,2,1,0,1,0,2022-03-03
False,False,True,6365,8,3,0,3,0,2,3,0,2022-03-03
False,True,True,6810,8,3,3,0,2,2,1,2,2022-03-04
False,True,False,6412,1,0,0,0,1,0,0,2,2022-03-04
False,False,False,6797,3,1,0,0,2,0,1,1,2022-03-04
False,False,False,6410,3,1,0,2,0,0,1,1,2022-03-04
False,True,True,6800,7,2,0,3,2,1,3,3,2022-03-04
False,True,True,6407,5,2,0,0,2,1,2,3,2022-03-04
False,True,True,6796,5,2,0,2,1,2,1,3,2022-03-04
False,False,False,6811,4,2,0,0,2,0,2,1,2022-03-04
False,False,False,6404,3,1,0,0,0,2,1,1,2022-03-04
False,True,False,6799,4,1,0,0,1,2,1,2,2022-03-04
False,False,False,6809,2,1,0,0,0,0,2,1,2022-03-04
False,True,False,6405,3,1,0,0,2,0,1,2,2022-03-04
False,False,False,6773,3,1,0,0,0,1,2,0,2022-03-04
False,True,True,6791,5,2,0,2,2,1,2,2,2022-03-04
False,True,True,6787,5,2,0,3,2,0,2,2,2022-03-04
False,True,True,6778,5,2,0,3,3,0,2,2,2022-03-04
False,True,True,6780,6,3,0,0,2,2,2,2,2022-03-04
True,False,False,6391,2,0,0,0,1,0,1,0,2022-03-04
False,False,False,6771,4,1,0,0,3,0,1,0,2022-03-04
False,False,False,6774,4,1,0,0,1,2,1,0,2022-03-04
False,False,False,6768,4,2,0,0,2,2,0,0,2022-03-04
False,False,True,6786,5,2,0,0,3,0,2,0,2022-03-04
False,False,False,6403,3,1,0,0,3,0,0,0,2022-03-04
False,False,False,6783,3,1,0,0,2,0,1,0,2022-03-04
False,False,True,6794,10,4,3,2,3,2,2,1,2022-03-04
False,False,True,6761,8,3,0,3,1,2,3,0,2022-03-04
False,False,True,6385,5,2,0,3,1,0,2,0,2022-03-04
False,False,True,6371,6,3,0,2,1,2,2,0,2022-03-04
False,False,False,6766,4,2,0,0,2,2,0,1,2022-03-04
False,False,False,6382,3,1,0,0,1,2,0,1,2022-03-04
False,False,False,6764,4,1,0,0,1,2,1,0,2022-03-04
False,False,True,6370,5,2,0,0,2,2,1,0,2022-03-04
False,False,False,6388,4,1,0,0,1,2,1,0,2022-03-04
False,False,True,6746,5,2,0,0,1,2,2,0,2022-03-04
False,False,True,6760,7,3,0,0,2,2,3,0,2022-03-04
False,False,True,6393,5,2,0,2,0,1,2,0,2022-03-04
False,False,False,6375,4,2,0,0,2,0,2,0,2022-03-04
False,False,True,6738,5,2,0,2,2,3,0,0,2022-03-04
False,False,True,6365,6,2,0,0,0,3,3,0,2022-03-04
False,False,True,6404,5,2,0,0,1,2,2,0,2022-03-05
True,False,False,6799,2,0,0,0,1,0,1,0,2022-03-05
False,True,False,6797,2,0,0,0,1,0,1,2,2022-03-05
False,False,False,6412,3,1,0,0,1,0,2,1,2022-03-05
False,True,False,6405,4,2,0,2,1,0,2,2,2022-03-05
False,False,True,6410,5,2,0,3,0,2,0,1,2022-03-05
False,False,True,6800,5,2,0,0,2,2,1,0,2022-03-05
False,True,True,6810,10,4,3,3,1,2,2,2,2022-03-05
False,True,True,6407,5,2,0,0,2,1,2,2,2022-03-05
False,False,True,6811,6,2,0,0,1,2,3,1,2022-03-05
False,True,True,6796,5,2,0,0,1,2,2,3,2022-03-05
False,False,False,6809,2,1,0,0,0,0,2,0,2022-03-05
False,False,True,6768,7,3,0,0,2,3,2,0,2022-03-05
False,True,False,6791,4,2,0,2,1,2,0,2,2022-03-05
False,False,False,6778,4,1,0,2,3,0,1,1,2022-03-05
True,False,False,6391,1,0,0,0,1,0,0,0,2022-03-05
False,True,False,6771,4,1,0,0,3,0,1,2,2022-03-05
False,False,True,6780,5,2,0,0,2,2,1,1,2022-03-05
False,False,False,6787,3,1,0,0,2,0,1,1,2022-03-05
True,False,False,6773,1,0,0,0,0,0,1,0,2022-03-05
False,False,False,6783,2,1,0,0,2,0,0,0,2022-03-05
False,False,True,6786,5,2,0,0,3,0,2,0,2022-03-05
False,True,True,6794,8,3,0,2,3,3,2,2,2022-03-05
False,False,False,6774,4,1,0,0,1,3,0,0,2022-03-05
False,False,True,6403,7,3,0,0,3,2,2,1,2022-03-05
False,False,True,6761,8,3,0,3,1,3,2,0,2022-03-05
True,False,False,6388,1,0,0,0,1,0,0,0,2022-03-05
True,False,False,6766,1,0,0,0,0,1,0,0,2022-03-05
False,True,True,6385,6,2,0,3,0,2,1,2,2022-03-05
False,False,True,6371,5,2,0,2,1,1,2,0,2022-03-05
True,False,False,6382,1,0,0,0,1,0,0,0,2022-03-05
False,False,False,6760,4,1,0,0,1,2,1,0,2022-03-05
False,False,False,6764,4,1,0,0,1,2,1,0,2022-03-05
False,False,True,6746,5,2,0,0,1,2,2,1,2022-03-05
False,False,False,6375,2,1,0,0,2,0,0,0,2022-03-05
False,False,False,6738,3,1,0,2,2,1,0,0,2022-03-05
True,False,False,6370,2,0,0,0,1,0,1,0,2022-03-05
False,False,False,6393,4,2,0,2,1,0,2,0,2022-03-05
False,False,True,6365,9,3,0,3,0,3,3,0,2022-03-05
True,False,False,6404,1,0,0,0,1,0,0,1,2022-03-06
True,False,False,6797,2,0,0,0,1,0,1,0,2022-03-06
False,True,False,6821,1,0,0,0,1,0,0,2,2022-03-06
False,True,True,6811,5,2,0,0,1,2,2,3,2022-03-06
True,False,False,6823,0,0,0,0,0,0,0,1,2022-03-06
False,True,False,6405,3,1,0,0,1,0,2,2,2022-03-06
True,False,False,6796,3,0,0,0,1,1,1,1,2022-03-06
False,True,False,6410,2,1,0,2,0,0,0,3,2022-03-06
False,True,False,6810,4,1,0,0,0,3,1,2,2022-03-06
False,False,False,6412,2,1,0,0,0,0,2,0,2022-03-06
False,True,False,6799,1,0,0,0,1,0,0,2,2022-03-06
True,False,False,6809,0,0,0,0,0,0,0,1,2022-03-06
False,False,False,6800,4,1,0,0,1,1,2,0,2022-03-06
False,True,False,6407,1,0,0,0,0,1,0,3,2022-03-06
False,True,False,6791,2,0,0,0,1,0,1,2,2022-03-06
False,False,False,6780,4,2,0,0,2,2,0,0,2022-03-06
True,False,False,6768,1,0,0,0,0,1,0,0,2022-03-06
False,False,False,6778,3,1,0,3,3,0,0,1,2022-03-06
False,False,False,6787,5,1,0,3,2,1,1,0,2022-03-06
True,False,False,6391,1,0,0,0,1,0,0,0,2022-03-06
False,False,False,6773,2,1,0,0,0,2,0,1,2022-03-06
False,True,False,6771,3,1,0,0,3,0,0,2,2022-03-06
False,True,False,6786,2,1,0,0,2,0,0,2,2022-03-06
False,True,False,6403,3,1,0,0,3,0,0,2,2022-03-06
False,False,True,6794,10,4,3,2,3,2,2,1,2022-03-06
False,False,False,6774,2,1,0,0,0,0,2,0,2022-03-06
False,False,False,6783,3,1,0,0,1,0,2,0,2022-03-06
False,False,True,6761,11,4,3,3,2,2,3,0,2022-03-06
False,False,True,6382,5,2,0,0,1,2,2,0,2022-03-06
False,True,True,6385,9,3,3,3,0,1,2,2,2022-03-06
False,False,False,6760,2,1,0,0,0,0,2,0,2022-03-06
False,False,True,6388,7,2,3,0,1,1,2,1,2022-03-06
True,False,False,6766,1,0,0,0,1,0,0,1,2022-03-06
True,False,False,6370,3,0,0,0,1,1,1,0,2022-03-06
False,True,False,6746,4,1,0,0,1,2,1,2,2022-03-06
False,False,False,6764,3,1,0,0,0,2,1,0,2022-03-06
False,False,False,6738,4,2,0,2,2,2,0,0,2022-03-06
False,False,False,6375,4,2,0,0,2,0,2,0,2022-03-06
False,False,False,6371,4,2,0,2,2,0,2,0,2022-03-06
True,False,False,6393,2,0,0,0,0,1,1,0,2022-03-06
False,False,True,6365,6,2,0,3,0,0,3,0,2022-03-06
False,False,False,6410,4,2,0,2,1,2,0,1,2022-03-07
False,True,False,6823,3,1,0,0,1,0,2,2,2022-03-07
False,True,False,6811,4,1,0,0,1,2,1,2,2022-03-07
False,False,False,6412,3,1,0,0,1,0,2,0,2022-03-07
False,True,True,6821,5,2,0,0,2,2,1,2,2022-03-07
False,False,True,6405,6,2,0,3,1,2,1,0,2022-03-07
False,False,False,6404,4,1,0,0,1,2,1,1,2022-03-07
False,True,True,6810,5,2,0,0,2,3,0,3,2022-03-07
False,True,False,6407,1,0,0,0,0,1,0,2,2022-03-07
False,False,False,6797,3,1,0,0,0,1,2,0,2022-03-07
False,True,True,6799,6,2,0,0,3,1,2,2,2022-03-07
False,False,True,6796,7,2,0,3,1,3,1,1,2022-03-07
False,False,False,6809,2,1,0,0,0,0,2,0,2022-03-07
False,True,True,6800,5,2,0,0,2,1,2,2,2022-03-07
False,False,True,6768,8,3,3,0,0,3,2,0,2022-03-07
False,True,False,6771,3,1,0,0,3,0,0,2,2022-03-07
True,False,False,6773,1,0,0,0,0,0,1,0,2022-03-07
True,False,False,6391,1,0,0,0,1,0,0,0,2022-03-07
True,False,False,6783,1,0,0,0,1,0,0,0,2022-03-07
False,False,True,6791,6,2,0,0,3,2,1,1,2022-03-07
False,False,False,6787,3,1,0,0,1,0,2,0,2022-03-07
False,False,False,6780,4,1,0,0,1,1,2,0,2022-03-07
False,False,False,6786,3,1,0,0,2,0,1,0,2022-03-07
False,False,False,6403,4,1,0,0,3,0,1,0,2022-03-07
False,False,False,6778,3,1,0,3,3,0,0,1,2022-03-07
False,False,True,6774,6,2,3,2,0,0,1,0,2022-03-07
False,True,True,6794,9,4,3,2,2,2,2,2,2022-03-07
False,False,True,6761,12,4,3,3,1,3,3,0,2022-03-07
False,False,False,6738,2,1,0,2,1,0,0,0,2022-03-07
False,False,False,6760,3,1,0,0,1,2,0,0,2022-03-07
True,False,False,6766,2,0,0,0,1,1,0,0,2022-03-07
True,False,False,6370,2,0,0,0,1,0,1,0,2022-03-07
True,False,False,6388,1,0,0,0,1,0,0,0,2022-03-07
False,True,False,6382,0,0,0,0,0,0,0,2,2022-03-07
False,False,False,6375,2,1,0,0,2,0,0,0,2022-03-07
False,False,True,6746,5,2,0,0,1,2,2,0,2022-03-07
False,True,False,6764,5,1,0,0,1,3,1,2,2022-03-07
False,False,False,6385,5,1,0,3,1,1,1,0,2022-03-07
False,False,False,6371,4,2,0,0,2,2,0,0,2022-03-07
True,False,False,6393,0,0,0,0,0,0,0,0,2022-03-07
True,False,False,6827,0,0,0,0,0,0,0,0,2022-03-08
False,False,False,6829,2,1,0,0,0,2,0,1,2022-03-08
False,True,False,6824,4,1,0,3,1,0,1,3,2022-03-08
False,True,False,6810,4,1,0,0,1,3,0,2,2022-03-08
False,False,True,6796,6,2,0,0,1,2,3,1,2022-03-08
True,False,False,6823,1,0,0,0,1,0,0,1,2022-03-08
False,False,True,6811,6,3,0,0,2,2,2,0,2022-03-08
False,False,False,6405,4,1,0,0,1,2,1,1,2022-03-08
True,False,False,6809,1,0,0,0,0,0,1,1,2022-03-08
True,False,False,6412,2,0,0,0,1,0,1,0,2022-03-08
False,True,False,6797,1,0,0,0,1,0,0,2,2022-03-08
False,True,True,6800,5,2,0,0,3,0,2,2,2022-03-08
True,False,False,6407,2,0,0,0,1,1,0,1,2022-03-08
False,False,False,6404,3,1,0,0,1,2,0,0,2022-03-08
False,False,False,6410,5,1,0,3,1,1,1,0,2022-03-08
False,True,False,6799,4,2,0,0,2,0,2,2,2022-03-08
True,False,False,6821,1,0,0,0,1,0,0,1,2022-03-08
True,False,False,6780,1,0,0,0,1,0,0,1,2022-03-08
False,False,False,6783,2,1,0,0,2,0,0,0,2022-03-08
False,False,True,6791,9,3,3,0,3,2,1,0,2022-03-08
False,False,False,6778,3,1,0,2,3,0,0,0,2022-03-08
False,False,False,6787,2,1,0,0,2,0,0,0,2022-03-08
True,False,False,6391,2,0,0,0,1,0,1,0,2022-03-08
False,False,True,6768,5,2,0,0,0,3,2,0,2022-03-08
False,False,True,6794,8,3,3,2,2,1,2,0,2022-03-08
False,False,False,6771,3,1,0,0,3,0,0,0,2022-03-08
False,False,True,6403,5,2,0,0,3,2,0,0,2022-03-08
False,False,False,6774,4,2,0,2,0,0,2,0,2022-03-08
False,False,False,6786,2,1,0,0,2,0,0,0,2022-03-08
False,False,False,6773,2,1,0,0,0,2,0,0,2022-03-08
False,False,True,6761,8,3,0,3,1,2,3,0,2022-03-08
False,False,True,6764,5,2,0,0,0,3,2,0,2022-03-08
True,False,False,6746,1,0,0,0,0,0,1,0,2022-03-08
False,False,False,6370,4,1,0,0,1,2,1,0,2022-03-08
False,False,False,6388,4,1,0,0,1,2,1,0,2022-03-08
False,False,True,6385,8,3,3,3,1,0,2,0,2022-03-08
False,False,False,6766,2,1,0,2,0,0,0,0,2022-03-08
False,False,False,6760,3,1,0,0,0,2,1,0,2022-03-08
True,False,False,6382,1,0,0,1,1,0,0,0,2022-03-08
False,False,False,6393,4,1,0,2,0,1,1,0,2022-03-08
False,False,False,6371,4,1,0,2,1,1,1,0,2022-03-08
False,True,False,6738,3,1,0,2,0,0,1,3,2022-03-08
False,False,False,6375,3,1,0,0,2,0,1,0,2022-03-08
True,False,False,6834,1,0,0,0,1,0,0,1,2022-03-09
False,True,False,6426,2,0,0,0,1,1,0,2,2022-03-09
False,True,False,6827,0,0,0,0,0,0,0,2,2022-03-09
False,False,False,6829,4,1,0,0,1,1,2,1,2022-03-09
True,False,False,6836,0,0,0,0,0,0,0,1,2022-03-09
False,True,False,6831,2,0,0,0,0,1,1,2,2022-03-09
False,False,False,6811,4,1,0,0,2,1,1,1,2022-03-09
False,False,True,6810,6,3,0,0,2,2,2,0,2022-03-09
True,False,False,6407,2,0,0,0,1,1,0,1,2022-03-09
False,False,False,6797,4,1,3,0,0,1,0,0,2022-03-09
False,False,False,6800,4,2,0,2,2,0,2,1,2022-03-09
True,False,False,6823,3,0,0,0,1,1,1,1,2022-03-09
False,True,False,6410,1,0,0,0,1,0,0,3,2022-03-09
True,False,False,6405,1,0,0,0,0,0,1,0,2022-03-09
False,True,False,6809,2,1,0,0,0,0,2,2,2022-03-09
False,True,False,6799,1,0,0,0,0,0,1,2,2022-03-09
False,False,False,6404,3,1,0,0,1,2,0,0,2022-03-09
False,False,False,6796,3,1,0,0,1,2,0,1,2022-03-09
False,False,False,6821,3,1,0,0,1,0,2,0,2022-03-09
False,True,True,6412,5,2,0,3,0,0,2,2,2022-03-09
False,True,False,6771,3,1,0,0,3,0,0,3,2022-03-09
True,False,False,6773,1,0,0,0,0,0,1,0,2022-03-09
False,False,False,6403,4,1,0,0,3,0,1,0,2022-03-09
False,False,False,6787,3,1,0,0,2,0,1,0,2022-03-09
True,False,False,6391,2,0,0,0,1,0,1,0,2022-03-09
False,True,False,6778,3,1,0,3,2,0,0,2,2022-03-09
False,True,False,6783,3,1,0,0,1,2,0,2,2022-03-09
False,False,False,6774,3,1,0,2,1,0,1,0,2022-03-09
False,False,False,6768,3,1,0,0,1,2,0,0,2022-03-09
False,False,True,6794,10,3,3,3,3,3,1,1,2022-03-09
False,False,True,6791,10,4,3,2,3,2,2,1,2022-03-09
False,False,False,6786,3,1,0,0,2,0,1,0,2022-03-09
False,False,False,6780,5,1,0,3,0,1,1,0,2022-03-09
False,False,True,6746,6,2,0,0,1,3,2,0,2022-03-09
False,False,True,6388,5,2,0,3,1,2,0,1,2022-03-09
True,False,False,6382,2,0,0,0,1,0,1,0,2022-03-09
True,False,False,6370,2,0,0,0,1,0,1,0,2022-03-09
False,False,False,6766,3,1,0,2,0,0,1,0,2022-03-09
False,False,False,6764,4,1,0,0,1,2,1,0,2022-03-09
False,False,True,6385,6,2,0,3,1,3,0,0,2022-03-09
False,True,True,6738,5,2,0,2,0,2,1,3,2022-03-09
False,False,False,6371,4,1,0,0,1,2,1,0,2022-03-09
False,False,True,6393,6,3,0,2,0,2,2,0,2022-03-09
False,False,False,6375,4,2,0,2,2,2,0,1,2022-03-09
False,False,False,6760,3,1,0,0,1,2,0,0,2022-03-09
True,False,False,6829,1,0,0,0,1,0,0,1,2022-03-10
True,False,False,6836,0,0,0,0,0,0,0,1,2022-03-10
False,False,True,6834,7,3,0,3,1,2,2,1,2022-03-10
False,False,False,6426,3,1,0,0,1,2,0,0,2022-03-10
True,False,False,6831,0,0,0,0,0,0,0,0,2022-03-10
True,False,False,6827,1,0,0,0,0,0,1,1,2022-03-10
False,True,True,6811,5,2,0,2,2,1,2,2,2022-03-10
True,False,False,6799,1,0,0,0,1,0,0,0,2022-03-10
False,False,False,6821,3,1,0,0,0,1,2,1,2022-03-10
False,True,False,6407,2,1,0,0,0,0,2,3,2022-03-10
False,True,False,6800,4,2,0,2,1,0,2,2,2022-03-10
False,True,True,6797,5,2,0,0,1,2,2,2,2022-03-10
False,True,False,6810,5,1,0,0,1,3,1,2,2022-03-10
True,False,False,6809,1,0,0,0,0,0,1,0,2022-03-10
False,False,True,6412,5,2,0,3,1,0,2,0,2022-03-10
False,False,True,6404,5,2,0,0,2,3,0,1,2022-03-10
False,True,True,6410,5,2,0,2,1,1,2,2,2022-03-10
False,False,True,6796,9,4,3,2,1,2,2,1,2022-03-10
False,True,False,6405,3,1,0,3,2,0,0,2,2022-03-10
False,False,False,6823,4,2,0,0,2,0,2,0,2022-03-10
False,True,True,6791,10,4,3,3,3,2,2,2,2022-03-10
False,False,True,6794,10,4,3,2,3,2,2,1,2022-03-10
False,False,False,6780,3,1,0,2,1,0,1,0,2022-03-10
False,False,True,6768,6,2,0,0,1,3,2,0,2022-03-10
True,False,False,6391,1,0,0,0,1,0,0,0,2022-03-10
False,False,False,6778,3,1,0,3,3,0,0,0,2022-03-10
False,False,False,6771,3,1,0,0,3,0,0,0,2022-03-10
False,False,False,6783,2,1,0,0,0,0,2,0,2022-03-10
True,False,False,6787,2,0,0,0,1,0,1,0,2022-03-10
True,False,False,6773,2,0,0,0,1,0,1,0,2022-03-10
False,False,False,6786,3,1,0,0,2,0,1,0,2022-03-10
False,False,False,6403,3,1,0,0,3,0,0,0,2022-03-10
False,False,True,6774,6,2,0,3,1,2,1,0,2022-03-10
False,False,True,6764,6,2,0,0,1,3,2,0,2022-03-10
False,True,True,6385,7,3,0,3,1,2,2,2,2022-03-10
False,False,True,6760,6,3,0,0,2,2,2,0,2022-03-10
False,False,False,6738,4,1,0,2,1,1,1,0,2022-03-10
False,False,False,6371,3,1,0,0,1,0,2,0,2022-03-10
False,False,False,6746,2,1,0,0,0,0,2,0,2022-03-10
False,False,False,6766,3,1,0,0,1,2,0,0,2022-03-10
False,False,True,6382,5,2,0,2,1,0,3,0,2022-03-10
True,False,False,6375,2,0,0,0,1,0,1,0,2022-03-10
False,False,True,6393,8,3,3,2,0,2,1,0,2022-03-10
False,False,True,6388,5,2,0,3,1,2,0,0,2022-03-10
False,False,True,6370,5,2,0,0,1,2,2,0,2022-03-10
False,False,False,6829,3,1,0,0,1,2,0,0,2022-03-11
False,True,False,6426,3,1,0,0,1,2,0,2,2022-03-11
False,False,False,6827,2,1,0,0,2,0,0,0,2022-03-11
False,True,False,6832,3,1,0,0,1,2,0,2,2022-03-11
False,False,False,6834,3,1,0,0,1,2,0,0,2022-03-11
False,True,False,6831,2,0,0,0,1,0,1,2,2022-03-11
False,False,False,6431,2,1,0,0,2,0,0,1,2022-03-11
False,False,True,6432,5,2,0,0,2,1,2,1,2022-03-11
False,False,False,6836,2,1,0,2,0,0,0,0,2022-03-11
False,False,False,6410,3,1,0,2,1,0,1,0,2022-03-11
False,False,False,6809,3,1,0,0,1,0,2,0,2022-03-11
False,False,False,6797,3,1,0,0,2,1,0,1,2022-03-11
False,False,False,6821,3,1,0,0,1,0,2,0,2022-03-11
False,False,False,6404,3,1,0,0,2,1,0,0,2022-03-11
False,False,True,6800,9,4,3,2,1,2,2,1,2022-03-11
False,True,False,6810,3,0,0,0,1,1,1,2,2022-03-11
False,False,True,6412,7,2,3,3,0,0,1,0,2022-03-11
False,False,False,6799,4,1,0,0,2,1,1,1,2022-03-11
False,False,True,6811,7,3,0,0,3,2,2,0,2022-03-11
True,False,False,6407,2,0,0,1,1,0,1,1,2022-03-11
False,False,False,6823,3,1,0,0,0,2,1,0,2022-03-11
True,False,False,6405,0,0,0,0,0,0,0,0,2022-03-11
False,False,True,6796,5,2,0,0,1,2,2,0,2022-03-11
False,False,False,6768,4,1,0,0,1,2,1,0,2022-03-11
False,False,True,6791,9,3,3,3,3,1,2,0,2022-03-11
False,True,False,6391,2,1,0,0,2,0,0,2,2022-03-11
False,False,False,6771,3,1,0,0,3,0,0,0,2022-03-11
True,False,False,6783,0,0,0,0,0,0,0,0,2022-03-11
False,True,False,6778,3,1,0,3,3,0,0,2,2022-03-11
True,False,False,6773,1,0,0,0,0,0,1,1,2022-03-11
False,False,False,6780,3,1,0,0,0,1,2,0,2022-03-11
True,False,False,6787,2,0,0,0,1,0,1,0,2022-03-11
False,True,True,6794,10,4,3,3,1,2,2,2,2022-03-11
True,False,False,6774,1,0,0,0,1,0,0,0,2022-03-11
False,False,False,6403,4,2,0,0,2,2,0,0,2022-03-11
False,False,True,6786,5,2,0,0,2,0,3,0,2022-03-11
False,False,True,6760,5,2,0,0,2,2,1,0,2022-03-11
False,False,False,6746,3,1,0,0,1,0,2,0,2022-03-11
False,False,False,6766,4,2,0,0,0,2,2,0,2022-03-11
False,False,True,6371,5,2,0,0,1,2,2,0,2022-03-11
True,False,False,6388,1,0,0,0,1,0,0,1,2022-03-11
False,False,False,6738,2,1,0,2,1,0,0,0,2022-03-11
False,False,True,6385,8,3,0,3,1,3,2,0,2022-03-11
False,False,False,6375,4,1,0,0,1,2,1,0,2022-03-11
True,False,False,6370,3,0,0,0,1,1,1,0,2022-03-11
False,False,False,6382,4,1,0,3,1,0,1,0,2022-03-11
False,False,True,6393,5,2,0,2,0,2,1,0,2022-03-11
False,True,False,6764,4,1,0,0,1,2,1,2,2022-03-11
False,True,False,6832,4,2,0,0,2,0,2,3,2022-03-12
False,False,False,6431,3,1,0,0,1,2,0,1,2022-03-12
True,False,False,6827,2,0,0,0,1,0,1,0,2022-03-12
False,False,False,6829,5,1,0,0,1,3,1,1,2022-03-12
True,False,False,6834,1,0,0,0,1,0,0,0,2022-03-12
True,False,False,6432,1,0,0,0,1,0,0,1,2022-03-12
True,False,False,6836,1,0,0,0,0,0,1,0,2022-03-12
True,False,False,6426,2,0,0,0,1,1,0,1,2022-03-12
False,True,False,6831,3,0,0,0,1,1,1,2,2022-03-12
False,False,True,6800,10,4,3,3,1,2,2,1,2022-03-12
False,True,False,6799,3,1,0,0,2,0,1,2,2022-03-12
False,True,False,6407,3,0,0,0,1,1,1,3,2022-03-12
False,False,False,6404,4,2,0,0,2,2,0,0,2022-03-12
False,True,True,6796,6,2,0,0,1,3,2,2,2022-03-12
False,False,True,6811,6,2,0,0,3,1,2,1,2022-03-12
False,True,False,6823,2,1,0,0,0,0,2,2,2022-03-12
False,False,False,6797,2,1,0,0,0,2,0,1,2022-03-12
False,False,False,6821,4,1,0,0,1,2,1,0,2022-03-12
False,False,False,6809,3,1,0,0,1,0,2,0,2022-03-12
False,False,True,6810,9,3,3,3,1,3,0,1,2022-03-12
False,False,True,6412,8,2,3,3,1,1,1,0,2022-03-12
False,False,False,6410,4,2,0,2,1,2,0,0,2022-03-12
False,False,True,6405,5,2,0,3,1,0,2,0,2022-03-12
False,False,False,6403,3,1,0,0,3,0,0,0,2022-03-12
False,False,True,6794,9,3,3,3,2,1,2,1,2022-03-12
False,False,False,6391,2,1,0,0,2,0,0,0,2022-03-12
False,False,True,6774,11,4,3,3,0,3,2,1,2022-03-12
False,False,False,6787,4,1,0,3,2,0,1,0,2022-03-12
False,False,True,6791,8,3,3,0,3,0,2,0,2022-03-12
False,False,False,6778,3,1,0,3,3,0,0,0,2022-03-12
True,False,False,6780,0,0,0,0,0,0,0,0,2022-03-12
True,False,False,6783,2,0,0,0,1,1,0,0,2022-03-12
True,False,False,6773,1,0,0,0,0,0,1,0,2022-03-12
False,False,False,6771,2,1,0,0,2,0,0,1,2022-03-12
False,True,False,6786,2,0,0,0,1,0,1,2,2022-03-12
False,False,False,6768,3,1,0,0,1,2,0,1,2022-03-12
False,False,True,6764,6,2,0,1,1,3,2,0,2022-03-12
False,False,True,6385,7,3,0,3,1,2,2,0,2022-03-12
False,True,True,6746,6,2,0,0,1,3,2,2,2022-03-12
False,False,True,6760,5,2,0,0,2,2,1,0,2022-03-12
False,False,False,6371,4,1,0,0,1,2,1,0,2022-03-12
True,False,False,6370,2,0,0,0,1,0,1,0,2022-03-12
False,False,False,6382,3,1,0,0,0,2,1,0,2022-03-12
False,False,False,6766,2,1,0,2,0,0,0,0,2022-03-12
False,False,False,6738,2,1,0,2,0,0,0,0,2022-03-12
False,True,False,6375,2,0,0,0,1,0,1,3,2022-03-12
False,False,False,6393,2,1,0,0,0,2,0,0,2022-03-12
False,True,False,6388,3,1,0,0,1,2,0,3,2022-03-12
False,True,False,6827,1,0,0,0,0,0,1,2,2022-03-13
True,False,False,6426,3,0,0,0,1,1,1,0,2022-03-13
True,False,False,6836,0,0,0,0,0,0,0,0,2022-03-13
False,False,False,6829,3,1,0,0,1,2,0,0,2022-03-13
False,True,True,6431,7,3,0,3,2,2,2,3,2022-03-13
True,False,False,6831,0,0,0,0,0,0,0,0,2022-03-13
False,False,False,6832,3,1,0,0,1,2,0,1,2022-03-13
False,False,True,6834,5,2,0,0,1,2,2,0,2022-03-13
False,False,False,6432,4,2,0,0,2,0,2,1,2022-03-13
False,False,True,6796,8,3,0,3,1,3,2,0,2022-03-13
False,False,False,6410,4,1,0,0,1,2,1,0,2022-03-13
False,False,False,6797,2,1,0,0,0,2,0,1,2022-03-13
True,False,False,6823,2,0,0,0,1,0,1,0,2022-03-13
True,False,False,6407,2,0,0,0,1,1,0,0,2022-03-13
False,True,True,6800,10,4,3,2,1,2,3,2,2022-03-13
False,False,True,6811,9,3,3,0,3,3,0,1,2022-03-13
False,False,True,6810,8,3,3,3,1,2,0,0,2022-03-13
False,False,False,6405,3,1,0,3,0,0,0,0,2022-03-13
False,False,False,6799,3,1,0,0,2,0,1,0,2022-03-13
True,False,False,6821,3,0,0,0,1,1,1,1,2022-03-13
False,False,True,6412,8,3,3,3,1,2,0,0,2022-03-13
False,False,False,6404,4,1,0,0,1,2,1,0,2022-03-13
False,True,False,6809,3,1,0,0,1,0,2,2,2022-03-13
False,False,False,6771,2,1,0,0,2,0,0,0,2022-03-13
True,False,False,6773,1,0,0,0,0,0,1,0,2022-03-13
False,False,False,6786,4,1,3,0,1,0,0,0,2022-03-13
False,False,True,6403,6,2,0,0,3,3,0,1,2022-03-13
False,False,True,6746,5,2,0,0,1,2,2,0,2022-03-13
False,False,False,6764,5,1,0,0,1,3,1,0,2022-03-13
False,False,False,6382,4,1,0,0,1,1,2,0,2022-03-13
False,False,True,6766,5,2,0,0,1,2,2,0,2022-03-13
False,False,True,6385,10,4,3,3,1,2,2,0,2022-03-13
False,False,False,6760,4,2,0,0,2,0,2,0,2022-03-13
False,False,True,6388,7,3,0,0,2,3,2,1,2022-03-13
False,False,True,6371,6,3,0,0,2,2,2,0,2022-03-13
True,False,False,6370,2,0,0,0,1,0,1,0,2022-03-13
True,False,False,6375,1,0,0,0,1,0,0,1,2022-03-13
False,False,False,6738,2,1,0,2,1,0,0,0,2022-03-13
False,True,False,6393,3,1,0,0,0,2,1,2,2022-03-13
True,False,False,6839,1,0,0,0,1,0,0,1,2022-03-15
False,False,False,6426,3,1,0,0,1,2,0,1,2022-03-15
False,True,False,6829,2,1,0,0,0,2,0,2,2022-03-15
True,False,False,6838,0,0,0,0,0,0,0,0,2022-03-15
False,False,False,6834,4,1,0,3,0,1,0,1,2022-03-15
False,True,False,6827,1,0,0,0,1,0,0,2,2022-03-15
False,False,False,6432,4,1,0,0,1,1,2,0,2022-03-15
False,False,False,6836,3,1,0,3,0,0,0,1,2022-03-15
True,False,False,6846,0,0,0,0,0,0,0,1,2022-03-15
False,False,False,6831,3,1,0,2,1,0,1,0,2022-03-15
False,False,False,6842,4,1,0,2,0,1,1,0,2022-03-15
False,True,False,6832,2,0,0,0,1,0,1,3,2022-03-15
True,False,False,6420,0,0,0,0,0,0,0,0,2022-03-15
True,False,False,6841,1,0,0,0,0,0,1,0,2022-03-15
False,True,False,6431,1,0,0,0,0,1,0,2,2022-03-15
False,False,False,6796,5,1,0,0,1,3,1,0,2022-03-15
False,False,True,6799,5,2,0,0,3,2,0,0,2022-03-15
False,False,False,6412,4,2,0,2,0,2,0,0,2022-03-15
False,False,True,6404,5,2,0,0,3,2,0,0,2022-03-15
True,False,False,6823,1,0,0,0,0,0,1,0,2022-03-15
False,False,True,6810,8,3,0,3,0,3,2,0,2022-03-15
False,False,True,6797,5,2,0,0,2,2,1,0,2022-03-15
False,False,False,6405,2,1,0,0,0,0,2,0,2022-03-15
False,True,True,6809,5,2,0,0,1,2,2,2,2022-03-15
False,False,True,6800,5,2,0,2,1,2,1,1,2022-03-15
True,False,False,6410,2,0,0,0,1,1,0,1,2022-03-15
False,False,False,6407,4,1,0,3,1,0,1,1,2022-03-15
False,False,True,6811,6,3,0,2,1,2,2,0,2022-03-15
True,False,False,6771,1,0,0,0,1,0,0,0,2022-03-15
True,False,False,6783,1,0,0,0,1,0,0,0,2022-03-15
False,False,False,6403,2,1,0,0,2,0,0,0,2022-03-15
False,True,False,6821,1,0,0,0,0,0,1,2,2022-03-15
True,False,False,6773,0,0,0,0,0,0,0,0,2022-03-15
False,False,False,6780,4,2,0,0,0,2,2,0,2022-03-15
True,False,False,6391,0,0,0,0,0,0,0,0,2022-03-15
True,False,False,6787,1,0,0,0,1,0,0,0,2022-03-15
False,False,False,6786,2,1,0,0,0,0,2,0,2022-03-15
False,False,False,6778,2,1,0,0,2,0,0,0,2022-03-15
True,False,False,6791,1,0,0,0,0,0,1,0,2022-03-15
False,False,False,6794,3,1,0,0,1,2,0,0,2022-03-15
False,False,False,6768,5,1,0,0,1,3,1,0,2022-03-15
False,False,False,6774,3,1,0,3,0,0,0,0,2022-03-15
False,False,True,6385,6,2,0,3,2,2,1,0,2022-03-15
False,False,False,6388,4,2,0,2,1,2,0,0,2022-03-15
False,False,False,6764,4,1,0,0,1,2,1,0,2022-03-15
False,False,False,6766,2,1,0,2,0,0,0,0,2022-03-15
False,False,False,6760,3,1,0,0,1,0,2,0,2022-03-15
False,False,False,6393,3,1,0,0,0,2,1,0,2022-03-15
True,False,False,6382,1,0,0,0,0,1,0,0,2022-03-15
False,False,False,6771,2,1,0,0,0,0,2,1,2022-03-16
True,False,False,6780,0,0,0,0,0,0,0,0,2022-03-16
True,False,False,6391,0,0,0,0,0,0,0,0,2022-03-16
False,False,False,6787,3,1,0,0,1,2,0,0,2022-03-16
True,False,False,6783,1,0,0,0,1,0,0,1,2022-03-16
False,False,True,6403,6,2,0,0,3,1,2,0,2022-03-16
False,False,False,6773,2,1,0,0,0,0,2,0,2022-03-16
False,False,False,6774,4,1,0,0,1,1,2,0,2022-03-16
False,False,True,6778,5,2,0,0,3,0,2,0,2022-03-16
True,False,False,6786,0,0,0,0,0,0,0,1,2022-03-16
False,False,True,6794,6,2,0,0,1,3,2,0,2022-03-16
False,True,True,6791,7,2,0,3,1,3,1,2,2022-03-16
False,False,False,6766,2,1,0,0,0,2,0,0,2022-03-16
True,False,False,6382,0,0,0,0,0,0,0,0,2022-03-16
False,False,True,6385,6,2,0,3,1,2,1,0,2022-03-16
False,False,False,6760,3,1,0,0,2,0,1,0,2022-03-16
False,True,False,6393,3,1,0,2,0,0,1,3,2022-03-16
False,False,False,6388,4,1,0,0,1,3,0,0,2022-03-16
False,False,True,6764,6,2,0,0,1,3,2,0,2022-03-16
False,True,False,6836,3,1,0,3,0,0,0,3,2022-03-16
False,True,False,6839,3,1,0,0,2,0,1,2,2022-03-16
True,False,False,6420,1,0,0,0,1,0,0,0,2022-03-16
True,False,False,6846,1,0,0,0,1,0,0,1,2022-03-16
False,True,False,6838,4,2,0,0,2,0,2,3,2022-03-16
True,False,False,6829,2,0,0,0,0,1,1,0,2022-03-16
False,True,False,6831,0,0,0,0,0,0,0,2,2022-03-16
False,True,False,6431,3,1,0,3,0,0,0,2,2022-03-16
True,False,False,6834,1,0,0,0,0,1,0,0,2022-03-16
False,True,True,6832,5,2,0,2,1,1,2,2,2022-03-16
False,True,False,6432,2,0,0,0,1,1,0,2,2022-03-16
False,True,False,6827,0,0,0,0,0,0,0,2,2022-03-16
False,True,True,6426,6,3,0,0,2,2,2,2,2022-03-16
True,False,False,6841,1,0,0,0,0,0,1,1,2022-03-16
False,True,False,6842,4,1,0,0,1,2,1,2,2022-03-16
True,False,False,6823,0,0,0,0,0,0,0,1,2022-03-16
False,False,False,6809,2,1,0,0,0,0,2,0,2022-03-16
False,False,False,6797,4,2,0,0,2,2,0,1,2022-03-16
False,False,False,6799,4,1,0,0,3,0,1,0,2022-03-16
False,False,False,6405,4,1,0,3,1,0,1,0,2022-03-16
False,False,False,6410,3,1,0,2,1,0,1,1,2022-03-16
False,False,True,6811,11,4,3,3,2,3,2,0,2022-03-16
False,False,True,6796,11,4,3,3,1,3,2,0,2022-03-16
False,False,True,6412,12,4,3,3,1,3,3,0,2022-03-16
False,False,False,6404,3,1,0,0,2,1,0,1,2022-03-16
False,False,True,6810,9,3,0,3,0,3,3,0,2022-03-16
False,False,True,6407,8,2,3,3,1,1,1,1,2022-03-16
False,True,False,6800,4,1,0,1,0,1,2,2,2022-03-16
False,False,False,6431,4,1,0,3,0,1,0,0,2022-03-18
True,False,False,6846,0,0,0,0,0,0,0,0,2022-03-18
False,False,False,6839,3,1,0,0,1,2,0,1,2022-03-18
False,True,False,6836,3,1,0,0,1,0,2,3,2022-03-18
False,False,False,6842,3,1,0,0,0,1,2,0,2022-03-18
True,False,False,6834,1,0,0,0,1,0,0,0,2022-03-18
False,True,False,6829,1,0,0,0,0,0,1,2,2022-03-18
False,False,False,6831,4,1,0,3,0,0,1,1,2022-03-18
False,False,False,6838,2,1,0,0,0,0,2,0,2022-03-18
False,True,False,6432,2,1,0,0,0,0,2,3,2022-03-18
False,True,False,6420,3,1,0,0,0,0,3,2,2022-03-18
False,False,False,6426,3,1,0,0,0,2,1,0,2022-03-18
False,True,False,6841,0,0,0,0,0,0,0,3,2022-03-18
False,True,False,6827,3,1,0,0,1,0,2,3,2022-03-18
False,True,False,6832,3,0,0,1,1,1,1,2,2022-03-18
True,False,False,6799,1,0,0,0,1,0,0,0,2022-03-18
True,False,False,6809,1,0,0,0,0,0,1,0,2022-03-18
False,False,True,6405,5,2,0,3,2,2,0,0,2022-03-18
False,False,True,6410,5,2,0,2,0,2,1,0,2022-03-18
False,False,True,6796,11,4,3,3,0,3,2,1,2022-03-18
False,False,True,6412,10,4,3,3,0,2,2,0,2022-03-18
False,False,False,6797,4,1,0,0,1,2,1,1,2022-03-18
True,False,False,6800,3,0,0,0,1,1,1,1,2022-03-18
False,False,True,6810,7,2,0,3,0,3,1,0,2022-03-18
True,False,False,6823,0,0,0,0,0,0,0,1,2022-03-18
False,False,True,6811,5,2,0,0,1,2,2,0,2022-03-18
False,False,True,6404,9,4,3,0,2,2,2,1,2022-03-18
False,False,True,6407,8,2,3,3,0,1,1,0,2022-03-18
False,False,False,6391,3,1,0,0,1,2,0,0,2022-03-18
False,False,False,6771,3,1,0,0,1,2,0,1,2022-03-18
True,False,False,6780,1,0,0,0,0,0,1,0,2022-03-18
False,True,False,6783,1,0,0,0,1,0,0,2,2022-03-18
False,False,False,6403,2,1,0,0,2,0,0,0,2022-03-18
True,False,False,6821,0,0,0,0,0,0,0,1,2022-03-18
False,False,False,6778,3,1,0,0,3,0,0,1,2022-03-18
False,False,False,6787,4,1,0,3,1,0,1,0,2022-03-18
False,False,True,6791,7,2,0,3,1,3,1,0,2022-03-18
False,False,False,6774,2,1,0,0,0,0,2,0,2022-03-18
False,True,False,6768,3,1,0,0,0,3,0,2,2022-03-18
False,False,True,6794,6,2,0,3,1,2,1,1,2022-03-18
True,False,False,6773,2,0,0,0,1,0,1,0,2022-03-18
True,False,False,6786,2,0,0,0,1,0,1,0,2022-03-18
False,False,True,6764,7,2,3,0,1,2,1,0,2022-03-18
True,False,False,6385,1,0,0,0,0,0,1,1,2022-03-18
True,False,False,6382,1,0,0,0,0,0,1,0,2022-03-18
True,False,False,6766,0,0,0,0,0,0,0,0,2022-03-18
False,False,False,6388,3,1,0,0,1,2,0,0,2022-03-18
False,False,True,6760,5,2,0,0,3,0,2,0,2022-03-18
False,False,False,6393,2,1,0,0,0,2,0,1,2022-03-18
False,False,False,6385,3,1,0,3,1,0,0,1,2022-03-21
True,False,False,6849,0,0,0,0,0,0,0,1,2022-03-21
True,False,False,6382,0,0,0,0,0,0,0,0,2022-03-21
True,False,False,6764,2,0,0,0,0,1,1,0,2022-03-21
False,False,False,6760,2,1,0,0,2,0,0,0,2022-03-21
False,True,False,6766,2,1,0,0,0,2,0,2,2022-03-21
False,True,False,6422,0,0,0,0,0,0,0,3,2022-03-21
True,False,False,6393,0,0,0,0,0,0,0,0,2022-03-21
False,False,False,6388,4,1,0,0,1,2,1,0,2022-03-21
True,False,False,6841,2,0,0,0,1,0,1,0,2022-03-21
False,False,True,6834,5,2,0,3,0,2,0,1,2022-03-21
False,False,False,6431,4,1,0,3,0,0,1,1,2022-03-21
True,False,False,6432,2,0,0,0,1,0,1,0,2022-03-21
False,True,False,6846,4,1,0,3,0,0,1,2,2022-03-21
False,False,True,6842,5,2,0,0,1,2,2,1,2022-03-21
False,True,True,6832,9,4,3,2,1,2,2,2,2022-03-21
False,True,False,6839,1,0,0,0,1,0,0,2,2022-03-21
True,False,False,6827,1,0,0,0,0,1,0,1,2022-03-21
False,True,False,6829,2,1,0,0,0,2,0,2,2022-03-21
False,False,False,6831,4,1,0,3,0,0,1,0,2022-03-21
False,False,False,6838,4,1,0,0,1,2,1,1,2022-03-21
False,False,False,6426,4,1,0,0,1,2,1,0,2022-03-21
False,True,True,6836,8,2,3,3,0,1,1,3,2022-03-21
True,False,False,6420,1,0,0,0,1,0,0,0,2022-03-21
False,False,False,6407,4,1,0,3,0,1,0,1,2022-03-21
False,False,False,6809,2,1,0,0,0,0,2,0,2022-03-21
False,False,False,6405,4,1,0,3,1,0,1,0,2022-03-21
False,False,False,6799,4,2,0,0,2,2,0,0,2022-03-21
False,False,True,6404,7,2,0,0,3,3,1,1,2022-03-21
False,False,False,6823,3,1,0,0,0,2,1,1,2022-03-21
False,False,True,6410,7,3,0,3,1,2,2,0,2022-03-21
False,False,True,6800,6,2,0,2,1,3,1,1,2022-03-21
False,False,True,6797,8,3,3,3,1,2,0,1,2022-03-21
False,False,True,6796,11,4,3,3,1,3,2,0,2022-03-21
False,False,True,6811,8,3,0,3,1,2,3,0,2022-03-21
False,False,True,6412,7,3,0,3,1,2,2,0,2022-03-21
False,False,False,6821,3,1,0,0,0,3,0,1,2022-03-21
True,False,False,6391,1,0,0,0,1,0,0,0,2022-03-21
False,False,True,6787,5,2,0,0,1,2,2,0,2022-03-21
False,False,False,6780,3,1,0,0,0,2,1,1,2022-03-21
False,False,False,6771,3,1,0,0,2,0,1,0,2022-03-21
True,False,False,6783,1,0,0,0,1,0,0,1,2022-03-21
False,False,False,6768,5,1,0,0,1,3,1,0,2022-03-21
False,False,True,6791,8,2,3,0,1,3,1,1,2022-03-21
False,False,False,6794,4,1,0,0,1,2,1,1,2022-03-21
False,False,False,6778,2,1,0,0,2,0,0,0,2022-03-21
True,False,False,6774,1,0,0,0,0,0,1,0,2022-03-21
False,False,False,6786,3,1,0,0,0,2,1,0,2022-03-21
True,False,False,6773,0,0,0,0,0,0,0,0,2022-03-21
False,False,False,6403,3,1,0,0,3,0,0,0,2022-03-21
True,False,False,6436,0,0,0,0,0,0,0,1,2022-03-23
True,False,False,6435,2,0,0,0,1,0,1,1,2022-03-23
False,True,False,6422,0,0,0,0,0,0,0,2,2022-03-23
False,True,False,6850,2,1,0,2,1,0,0,3,2022-03-23
False,True,True,6849,5,2,0,0,3,0,2,2,2022-03-23
True,False,False,6432,2,0,0,0,1,0,1,1,2022-03-23
False,True,False,6829,0,0,0,0,0,0,0,3,2022-03-23
False,False,True,6834,5,2,0,3,1,0,2,1,2022-03-23
False,True,False,6839,3,1,0,0,1,0,2,2,2022-03-23
False,False,False,6431,4,1,0,3,1,1,0,1,2022-03-23
False,True,True,6836,6,2,0,3,1,1,2,2,2022-03-23
False,False,False,6420,4,1,0,0,1,2,1,0,2022-03-23
False,True,False,6846,1,0,0,0,1,0,0,2,2022-03-23
False,True,False,6838,2,0,0,0,1,0,1,3,2022-03-23
False,False,False,6426,3,1,0,0,1,2,0,0,2022-03-23
False,False,True,6827,6,2,0,1,2,3,1,0,2022-03-23
False,True,True,6832,6,2,3,0,1,2,0,2,2022-03-23
False,False,False,6831,4,2,0,2,1,0,2,0,2022-03-23
False,True,False,6841,2,1,0,0,0,0,2,3,2022-03-23
False,False,False,6842,3,1,0,0,1,0,2,1,2022-03-23
False,False,False,6405,2,1,0,0,2,0,0,0,2022-03-23
False,False,True,6800,10,4,3,2,1,2,3,0,2022-03-23
False,False,True,6811,8,3,0,3,1,3,2,0,2022-03-23
False,False,True,6796,9,3,0,3,1,3,3,0,2022-03-23
False,False,False,6404,4,2,0,0,2,2,0,1,2022-03-23
False,False,True,6412,6,2,0,3,1,2,1,0,2022-03-23
True,False,False,6799,2,0,0,0,1,0,1,0,2022-03-23
False,True,True,6809,5,2,0,0,1,2,2,2,2022-03-23
True,False,False,6823,1,0,0,0,1,0,0,0,2022-03-23
False,False,False,6410,3,1,0,0,0,2,1,0,2022-03-23
False,False,False,6797,2,1,0,0,0,2,0,0,2022-03-23
False,False,True,6407,5,2,0,3,1,2,0,0,2022-03-23
False,False,False,6791,3,1,0,0,1,2,0,1,2022-03-23
False,False,True,6768,8,3,0,3,0,3,2,0,2022-03-23
False,False,False,6783,3,1,0,0,0,2,1,1,2022-03-23
False,False,False,6778,3,1,0,0,2,0,1,0,2022-03-23
False,False,False,6794,4,1,0,0,1,1,2,0,2022-03-23
True,False,False,6391,1,0,0,0,0,0,1,0,2022-03-23
True,False,False,6780,2,0,0,0,1,0,1,0,2022-03-23
False,False,False,6787,5,1,0,0,1,3,1,0,2022-03-23
True,False,False,6821,3,0,0,0,1,1,1,0,2022-03-23
False,False,False,6786,3,1,0,0,1,0,2,0,2022-03-23
False,False,False,6403,3,1,0,0,3,0,0,0,2022-03-23
True,False,False,6773,0,0,0,0,0,0,0,0,2022-03-23
True,False,False,6771,1,0,0,0,1,0,0,0,2022-03-23
False,False,False,6774,3,1,0,0,0,2,1,0,2022-03-23
True,False,False,6435,0,0,0,0,0,0,0,0,2022-03-25
False,False,True,6850,5,2,0,3,2,0,2,1,2022-03-25
False,True,False,6849,3,1,0,0,2,0,1,2,2022-03-25
False,True,False,6436,1,0,0,0,0,1,0,2,2022-03-25
False,True,False,6422,3,1,0,0,2,0,1,3,2022-03-25
False,True,False,6839,2,1,0,0,2,0,0,2,2022-03-25
True,False,False,6432,2,0,0,0,1,0,1,1,2022-03-25
False,True,False,6836,5,1,0,3,2,1,1,3,2022-03-25
False,False,True,6420,6,2,0,3,1,2,1,0,2022-03-25
True,False,False,6841,2,0,0,0,1,0,1,1,2022-03-25
False,True,False,6846,1,0,0,0,1,0,0,3,2022-03-25
False,True,True,6829,8,3,3,2,2,3,0,2,2022-03-25
False,True,False,6827,4,1,3,0,1,0,0,2,2022-03-25
False,False,False,6838,3,1,0,0,2,0,1,0,2022-03-25
False,False,True,6426,10,4,3,3,0,2,2,0,2022-03-25
False,False,True,6431,8,2,3,0,1,3,1,1,2022-03-25
False,True,True,6834,9,3,3,3,0,2,1,3,2022-03-25
False,False,True,6842,6,2,0,0,1,2,3,0,2022-03-25
False,False,True,6831,6,3,0,2,0,2,2,0,2022-03-25
False,False,True,6832,9,3,3,0,2,1,3,0,2022-03-25
False,False,True,6800,11,4,3,3,1,3,2,0,2022-03-25
False,False,True,6809,6,3,0,0,2,2,2,0,2022-03-25
False,False,True,6405,5,2,0,3,2,2,0,1,2022-03-25
False,False,False,6404,4,1,0,0,1,2,1,0,2022-03-25
False,False,True,6412,7,3,0,3,0,2,2,0,2022-03-25
True,False,False,6410,1,0,0,0,0,1,0,1,2022-03-25
True,False,False,6823,1,0,0,0,1,0,0,0,2022-03-25
False,False,False,6797,3,1,0,2,1,0,1,0,2022-03-25
False,False,False,6407,4,1,0,2,1,1,1,0,2022-03-25
False,False,False,6799,3,1,0,0,2,0,1,0,2022-03-25
False,False,True,6796,9,3,0,3,1,3,3,0,2022-03-25
True,False,False,6821,1,0,0,0,1,0,0,0,2022-03-25
True,False,False,6391,1,0,0,0,1,0,0,0,2022-03-25
True,False,False,6780,1,0,0,0,0,0,1,0,2022-03-25
False,False,True,6768,6,2,0,3,0,2,1,0,2022-03-25
False,False,True,6786,5,2,0,0,1,2,2,0,2022-03-25
False,False,False,6778,2,1,0,0,2,0,0,1,2022-03-25
True,False,False,6783,0,0,0,0,0,0,0,1,2022-03-25
True,False,False,6787,2,0,0,0,0,1,1,0,2022-03-25
False,False,False,6771,3,1,0,0,2,0,1,0,2022-03-25
False,False,True,6403,6,2,0,0,3,2,1,0,2022-03-25
True,False,False,6773,0,0,0,0,0,0,0,0,2022-03-25
True,False,False,6794,1,0,0,0,0,0,1,0,2022-03-25
False,False,True,6791,6,3,0,0,2,2,2,1,2022-03-25
False,False,False,6774,3,1,0,0,0,2,1,0,2022-03-25
False,False,False,6799,3,1,0,0,0,1,2,0,2022-03-28
False,False,True,6404,6,2,0,0,1,3,2,0,2022-03-28
False,False,False,6809,3,1,0,0,1,0,2,1,2022-03-28
False,False,False,6823,3,1,0,1,1,0,2,0,2022-03-28
False,True,True,6410,5,2,0,1,1,2,2,2,2022-03-28
False,False,True,6800,5,2,0,2,1,2,1,0,2022-03-28
False,False,False,6405,4,2,0,2,1,2,0,0,2022-03-28
False,False,False,6412,4,1,0,0,0,3,1,0,2022-03-28
False,False,False,6407,4,1,0,3,1,1,0,1,2022-03-28
False,False,False,6797,4,2,0,2,1,2,0,1,2022-03-28
True,False,False,6778,1,0,0,0,1,0,0,0,2022-03-28
False,False,True,6768,8,3,0,3,2,3,2,0,2022-03-28
True,False,False,6771,1,0,0,0,1,0,0,0,2022-03-28
True,False,False,6780,1,0,0,0,0,0,1,0,2022-03-28
True,False,False,6821,2,0,0,0,1,0,1,0,2022-03-28
True,False,False,6773,0,0,0,0,0,0,0,0,2022-03-28
False,False,False,6791,5,1,0,0,1,3,1,0,2022-03-28
True,False,False,6391,0,0,0,0,0,0,0,0,2022-03-28
False,False,False,6403,3,1,0,0,3,0,0,0,2022-03-28
True,False,False,6787,2,0,0,0,1,0,1,0,2022-03-28
False,False,False,6783,3,1,0,0,1,2,0,0,2022-03-28
False,False,False,6794,3,1,0,0,0,1,2,0,2022-03-28
False,False,False,6786,4,2,0,0,0,2,2,0,2022-03-28
True,False,False,6774,0,0,0,0,0,0,0,0,2022-03-28
True,False,False,6853,0,0,0,0,0,0,0,0,2022-03-28
False,False,False,6435,4,2,0,0,2,2,0,1,2022-03-28
False,True,True,6422,8,3,3,2,2,1,2,2,2022-03-28
False,False,False,6436,4,1,0,0,0,3,1,1,2022-03-28
False,True,False,6850,2,0,0,1,1,0,1,2,2022-03-28
True,False,False,6441,2,0,0,0,1,0,1,1,2022-03-28
False,False,False,6849,2,1,0,0,2,0,0,1,2022-03-28
False,True,True,6834,5,2,0,3,0,2,0,2,2022-03-28
False,True,False,6829,4,2,0,0,0,2,2,2,2022-03-28
False,False,False,6836,3,1,0,0,1,2,0,1,2022-03-28
True,False,False,6846,1,0,0,0,1,0,0,1,2022-03-28
True,False,False,6432,1,0,0,0,1,0,0,1,2022-03-28
False,False,False,6426,3,1,0,0,0,3,0,0,2022-03-28
False,False,False,6842,4,1,0,0,0,1,3,0,2022-03-28
False,True,False,6838,4,1,0,3,0,0,1,2,2022-03-28
True,False,False,6839,2,0,0,0,1,0,1,1,2022-03-28
True,False,False,6841,2,0,0,0,1,0,1,1,2022-03-28
False,False,True,6431,6,2,0,3,1,3,0,0,2022-03-28
False,False,False,6420,3,1,0,0,1,2,0,1,2022-03-28
False,False,True,6831,6,2,0,3,0,2,1,0,2022-03-28
False,False,False,6827,5,1,0,0,1,3,1,0,2022-03-28
False,False,True,6832,7,3,3,0,2,2,0,0,2022-03-28
True,False,False,6445,0,0,0,0,0,0,0,0,2022-03-30
True,False,False,6859,0,0,0,0,0,0,0,1,2022-03-30
True,False,False,6862,1,0,0,0,1,0,0,1,2022-03-30
True,False,False,6441,1,0,0,0,1,0,0,0,2022-03-30
True,False,False,6860,1,0,0,0,1,0,0,1,2022-03-30
False,True,False,6853,3,1,0,0,2,0,1,2,2022-03-30
False,False,True,6436,11,4,3,3,1,3,2,0,2022-03-30
False,False,False,6422,4,2,0,0,2,0,2,1,2022-03-30
True,False,False,6850,1,0,0,0,1,0,0,0,2022-03-30
False,False,False,6435,3,1,0,3,1,0,0,0,2022-03-30
True,False,False,6849,1,0,0,0,1,0,0,1,2022-03-30
False,False,False,6829,4,1,0,1,0,2,1,1,2022-03-30
False,False,False,6842,3,1,0,0,0,1,2,0,2022-03-30
True,False,False,6432,1,0,0,0,1,0,0,0,2022-03-30
False,False,True,6431,6,2,0,3,1,3,0,0,2022-03-30
True,False,False,6846,2,0,0,0,1,0,1,1,2022-03-30
False,False,True,6420,6,2,0,3,0,3,0,0,2022-03-30
False,True,True,6834,11,4,3,3,1,2,3,2,2022-03-30
False,False,False,6839,2,1,0,0,0,2,0,1,2022-03-30
False,False,False,6836,3,1,0,0,0,2,1,1,2022-03-30
False,False,True,6832,9,3,3,0,3,2,1,0,2022-03-30
False,False,False,6426,3,1,0,0,0,3,0,0,2022-03-30
True,False,False,6827,3,0,0,0,1,1,1,1,2022-03-30
False,False,True,6838,5,2,3,0,0,0,2,0,2022-03-30
False,True,True,6841,5,2,3,0,0,0,2,2,2022-03-30
False,False,False,6831,3,1,0,2,0,1,0,1,2022-03-30
False,False,False,6405,4,1,0,3,2,0,1,0,2022-03-30
True,False,False,6809,2,0,0,0,1,0,1,0,2022-03-30
False,True,False,6410,3,1,0,0,0,3,0,2,2022-03-30
True,False,False,6823,1,0,0,0,1,0,0,0,2022-03-30
False,False,True,6412,7,3,0,3,0,2,2,0,2022-03-30
False,True,False,6800,4,1,0,0,0,3,1,2,2022-03-30
False,False,False,6797,3,1,0,0,1,0,2,0,2022-03-30
False,False,False,6407,4,2,0,2,0,2,0,0,2022-03-30
False,False,False,6404,3,1,0,0,0,3,0,0,2022-03-30
False,False,False,6799,4,1,0,0,1,2,1,1,2022-03-30
False,False,False,6783,2,1,0,0,0,2,0,0,2022-03-30
False,False,False,6778,2,1,0,0,2,0,0,0,2022-03-30
False,False,False,6821,4,1,0,0,1,3,0,0,2022-03-30
False,False,True,6787,5,2,0,0,2,2,1,1,2022-03-30
False,False,False,6403,3,1,0,0,3,0,0,0,2022-03-30
True,False,False,6780,0,0,0,0,0,0,0,0,2022-03-30
False,True,True,6794,7,2,0,0,1,3,3,2,2022-03-30
False,False,True,6791,5,2,0,0,2,3,0,1,2022-03-30
False,False,False,6786,4,1,0,0,1,2,1,0,2022-03-30
False,True,True,6422,5,2,0,2,1,2,1,2,2022-04-01
False,True,True,6436,7,2,0,0,1,3,3,2,2022-04-01
False,False,True,6435,5,2,0,0,1,2,2,0,2022-04-01
False,True,False,6859,2,1,0,0,0,2,0,3,2022-04-01
True,False,False,6445,1,0,0,0,1,0,0,1,2022-04-01
False,True,False,6850,4,2,0,0,0,2,2,2,2022-04-01
False,True,False,6853,3,1,0,0,1,2,0,2,2022-04-01
False,True,False,6849,2,1,0,0,0,0,2,2,2022-04-01
False,False,False,6862,3,1,0,3,0,0,0,0,2022-04-01
False,False,False,6441,4,1,0,3,0,0,1,0,2022-04-01
False,True,False,6860,3,1,0,0,1,2,0,2,2022-04-01
False,False,True,6836,9,3,3,3,1,2,1,0,2022-04-01
False,False,False,6426,3,1,0,0,0,3,0,1,2022-04-01
False,True,False,6827,1,0,0,0,1,0,0,2,2022-04-01
False,True,False,6829,3,1,0,0,0,2,1,2,2022-04-01
False,False,True,6831,5,2,0,3,0,2,0,0,2022-04-01
True,False,False,6432,1,0,0,0,0,0,1,0,2022-04-01
False,False,True,6834,6,2,0,3,0,2,1,1,2022-04-01
False,True,False,6846,2,1,0,0,0,0,2,2,2022-04-01
False,False,False,6420,5,1,0,0,1,3,1,0,2022-04-01
False,False,True,6841,6,2,0,0,0,3,3,1,2022-04-01
True,False,False,6839,0,0,0,0,0,0,0,0,2022-04-01
False,True,True,6838,8,3,3,0,1,2,2,2,2022-04-01
False,False,False,6842,3,1,0,0,0,1,2,0,2022-04-01
False,False,True,6832,5,2,0,0,2,2,1,0,2022-04-01
False,False,False,6809,3,1,0,0,1,0,2,0,2022-04-01
False,False,False,6799,3,1,0,0,1,2,0,0,2022-04-01
True,False,False,6823,1,0,0,0,1,0,0,0,2022-04-01
False,False,False,6405,3,1,0,2,1,0,1,0,2022-04-01
False,False,False,6404,3,1,0,0,0,3,0,0,2022-04-01
False,False,False,6410,4,1,0,0,1,3,0,1,2022-04-01
False,True,True,6412,7,2,0,0,1,3,3,2,2022-04-01
True,False,False,6797,1,0,0,0,0,1,0,0,2022-04-01
False,True,True,6800,7,3,0,2,0,3,2,2,2022-04-01
False,False,False,6407,4,1,0,0,2,1,1,1,2022-04-01
False,False,False,6821,2,1,0,0,0,2,0,0,2022-04-01
True,False,False,6780,3,0,0,0,1,1,1,0,2022-04-01
False,False,False,6778,3,1,0,0,1,0,2,0,2022-04-01
True,False,False,6783,0,0,0,0,0,0,0,0,2022-04-01
False,False,False,6403,3,1,0,0,3,0,0,0,2022-04-01
True,False,False,6791,2,0,0,0,1,0,1,0,2022-04-01
True,False,False,6787,2,0,0,0,1,0,1,1,2022-04-01
False,False,True,6786,6,2,3,0,1,0,2,0,2022-04-01
True,False,False,6794,1,0,0,0,0,0,1,1,2022-04-01
True,False,False,6865,1,0,0,0,0,1,0,1,2022-04-04
False,True,False,6445,2,1,0,0,0,2,0,3,2022-04-04
True,False,False,6864,1,0,0,0,0,1,0,1,2022-04-04
False,False,False,6436,5,1,0,0,1,3,1,1,2022-04-04
False,True,False,6441,3,1,0,0,2,0,1,2,2022-04-04
False,False,True,6860,6,2,0,0,3,2,1,0,2022-04-04
False,False,False,6859,3,1,0,0,0,2,1,0,2022-04-04
False,False,False,6862,3,1,0,0,1,0,2,1,2022-04-04
False,True,False,6849,2,1,0,0,0,0,2,2,2022-04-04
True,False,False,6853,2,0,0,0,1,1,0,1,2022-04-04
False,False,True,6850,7,3,0,3,1,2,2,0,2022-04-04
False,False,True,6435,5,2,0,0,1,2,2,1,2022-04-04
False,False,False,6422,4,2,0,2,0,0,2,0,2022-04-04
False,False,False,6426,2,1,0,0,0,0,2,0,2022-04-04
False,False,False,6831,3,1,0,0,0,2,1,0,2022-04-04
False,False,False,6827,3,1,0,0,1,0,2,1,2022-04-04
False,False,False,6839,3,1,0,0,1,2,0,1,2022-04-04
False,False,False,6838,4,2,0,0,0,2,2,1,2022-04-04
False,False,False,6432,3,1,0,0,1,0,2,0,2022-04-04
False,False,True,6829,11,4,3,3,1,3,2,0,2022-04-04
False,False,False,6836,2,1,0,0,0,2,0,0,2022-04-04
False,False,False,6842,2,1,0,0,0,2,0,1,2022-04-04
True,False,False,6846,0,0,0,0,0,0,0,1,2022-04-04
True,False,False,6841,1,0,0,0,0,0,1,1,2022-04-04
False,False,False,6832,4,1,0,0,1,2,1,1,2022-04-04
False,False,True,6834,7,3,0,3,0,2,2,0,2022-04-04
True,False,False,6420,1,0,0,0,0,1,0,0,2022-04-04
False,False,True,6799,5,2,0,0,2,3,0,0,2022-04-04
False,False,False,6800,4,2,0,2,1,2,0,0,2022-04-04
True,False,False,6823,1,0,0,0,1,0,0,0,2022-04-04
False,False,False,6809,2,1,0,0,0,2,0,0,2022-04-04
False,False,False,6405,4,1,0,0,1,2,1,0,2022-04-04
False,False,True,6410,5,2,0,0,1,2,2,1,2022-04-04
True,False,False,6407,3,0,0,0,1,1,1,0,2022-04-04
False,False,False,6412,4,2,0,0,0,2,2,0,2022-04-04
False,False,False,6404,3,1,0,0,0,3,0,0,2022-04-04
True,False,False,6797,1,0,0,0,1,0,0,0,2022-04-04
False,False,False,6821,2,1,0,0,0,2,0,0,2022-04-04
False,False,False,6849,3,1,0,0,1,0,2,0,2022-04-06
True,False,False,6864,2,0,0,0,1,1,0,1,2022-04-06
True,False,False,6865,2,0,0,0,1,0,1,0,2022-04-06
False,False,False,6436,4,1,0,0,1,3,0,1,2022-04-06
True,False,False,6422,2,0,0,0,1,0,1,0,2022-04-06
False,True,True,6862,5,2,0,3,3,0,2,3,2022-04-06
False,True,False,6853,3,1,0,0,1,2,0,2,2022-04-06
False,False,True,6850,6,2,0,0,1,2,3,1,2022-04-06
False,True,True,6860,5,2,0,0,3,2,0,3,2022-04-06
False,False,True,6435,7,3,0,3,1,2,2,1,2022-04-06
True,False,False,6445,1,0,0,0,0,0,1,0,2022-04-06
False,False,False,6441,4,2,0,0,2,2,0,1,2022-04-06
True,False,False,6859,1,0,0,0,0,0,1,1,2022-04-06
False,False,False,6426,4,1,0,3,0,0,1,1,2022-04-06
False,False,True,6838,5,2,0,0,1,2,2,0,2022-04-06
False,False,False,6432,4,1,0,0,1,2,1,0,2022-04-06
False,False,False,6842,3,1,0,0,0,2,1,0,2022-04-06
False,False,True,6834,7,3,0,3,0,2,2,0,2022-04-06
False,False,False,6831,2,1,0,0,0,2,0,0,2022-04-06
True,False,False,6827,1,0,0,0,0,0,1,1,2022-04-06
False,True,True,6829,9,3,3,0,1,3,2,2,2022-04-06
True,False,False,6839,0,0,0,0,0,0,0,0,2022-04-06
False,False,False,6841,3,1,0,0,0,2,1,1,2022-04-06
False,True,False,6836,1,0,0,0,0,1,0,2,2022-04-06
True,False,False,6846,0,0,0,0,0,0,0,0,2022-04-06
True,False,False,6420,1,0,0,0,0,1,0,1,2022-04-06
False,False,True,6832,5,2,0,0,2,2,1,1,2022-04-06
False,False,False,6823,3,1,0,0,2,1,0,1,2022-04-06
False,False,True,6412,5,2,0,0,0,3,2,0,2022-04-06
False,False,False,6797,4,1,0,0,0,3,1,0,2022-04-06
False,False,False,6809,2,1,0,0,0,0,2,0,2022-04-06
False,False,False,6799,3,1,0,0,1,0,2,0,2022-04-06
False,False,True,6405,6,2,3,0,1,0,2,0,2022-04-06
False,False,False,6410,3,1,0,0,0,2,1,1,2022-04-06
False,False,True,6800,5,2,0,2,1,2,1,0,2022-04-06
False,False,False,6404,2,1,0,0,0,2,0,1,2022-04-06
False,False,False,6407,4,1,0,0,1,3,0,0,2022-04-06
False,False,False,6821,4,1,0,0,0,3,1,1,2022-04-06
False,True,True,6864,8,3,0,3,0,2,3,3,2022-04-08
True,False,False,6456,0,0,0,0,0,0,0,0,2022-04-08
False,False,False,6850,4,1,0,0,1,2,1,0,2022-04-08
False,False,True,6436,5,2,0,0,2,2,1,0,2022-04-08
True,False,False,6859,1,0,0,0,0,0,1,1,2022-04-08
True,False,False,6445,2,0,0,0,1,0,1,0,2022-04-08
True,False,False,6422,2,0,0,0,1,1,0,1,2022-04-08
True,False,False,6853,2,0,0,0,1,0,1,0,2022-04-08
False,False,True,6435,7,2,0,3,1,3,1,1,2022-04-08
False,True,False,6862,4,1,0,3,0,0,1,2,2022-04-08
False,False,False,6865,4,1,0,0,1,3,0,0,2022-04-08
False,True,False,6454,2,1,0,0,0,2,0,3,2022-04-08
False,False,False,6441,4,2,0,0,2,2,0,0,2022-04-08
True,False,False,6849,2,0,0,0,1,0,1,0,2022-04-08
False,True,True,6860,6,2,0,0,3,2,1,2,2022-04-08
True,False,False,6457,2,0,0,0,1,0,1,1,2022-04-08
False,False,True,6838,7,3,0,0,2,3,2,0,2022-04-08
False,True,False,6829,5,1,0,1,0,3,1,2,2022-04-08
False,True,True,6834,8,3,0,3,0,2,3,2,2022-04-08
False,False,False,6827,3,1,0,0,0,2,1,0,2022-04-08
False,False,False,6432,3,1,0,0,0,1,2,0,2022-04-08
False,False,False,6836,4,1,0,0,0,3,1,1,2022-04-08
True,False,False,6839,0,0,0,0,0,0,0,0,2022-04-08
False,False,False,6842,4,2,0,0,0,2,2,1,2022-04-08
True,False,False,6846,1,0,0,0,0,0,1,0,2022-04-08
False,False,False,6420,2,1,0,0,0,2,0,1,2022-04-08
False,False,False,6832,4,1,0,0,1,1,2,0,2022-04-08
False,False,False,6841,4,2,0,0,0,2,2,1,2022-04-08
False,False,False,6831,2,1,0,0,0,0,2,0,2022-04-08
True,False,False,6458,2,0,0,0,1,0,1,0,2022-04-08
False,False,True,6800,8,3,3,0,0,3,2,1,2022-04-08
False,False,False,6407,4,1,0,0,2,1,1,0,2022-04-08
True,False,False,6404,2,0,0,0,1,1,0,0,2022-04-08
True,False,False,6809,2,0,0,0,1,0,1,0,2022-04-08
False,False,False,6799,3,1,0,0,1,2,0,0,2022-04-08
False,False,True,6797,5,2,0,0,0,3,2,1,2022-04-08
False,False,True,6412,5,2,0,0,0,3,2,0,2022-04-08
False,False,False,6823,4,1,0,0,1,1,2,0,2022-04-08
False,False,False,6405,3,1,0,2,0,0,1,0,2022-04-08
False,False,False,6410,3,1,0,0,0,3,0,0,2022-04-08
False,False,False,6821,4,1,0,0,0,3,1,0,2022-04-08
True,False,False,6436,0,0,0,0,0,0,0,0,2022-04-15
True,False,False,6850,0,0,0,0,0,0,0,0,2022-04-15
True,False,False,6865,0,0,0,0,0,0,0,0,2022-04-15
True,False,False,6849,0,0,0,0,0,0,0,0,2022-04-15
True,False,False,6864,0,0,0,0,0,0,0,0,2022-04-15
True,False,False,6435,0,0,0,0,0,0,0,0,2022-04-15
True,False,False,6862,0,0,0,0,0,0,0,0,2022-04-15
True,False,False,6859,0,0,0,0,0,0,0,0,2022-04-15
True,False,False,6860,0,0,0,0,0,0,0,0,2022-04-15
True,False,False,6445,0,0,0,0,0,0,0,0,2022-04-15
True,False,False,6422,0,0,0,0,0,0,0,0,2022-04-15
True,False,False,6853,0,0,0,0,0,0,0,0,2022-04-15
True,False,False,6441,0,0,0,0,0,0,0,0,2022-04-15
True,False,False,6454,0,0,0,0,0,0,0,0,2022-04-15
True,False,False,6458,0,0,0,0,0,0,0,0,2022-04-15
True,False,False,6456,0,0,0,0,0,0,0,0,2022-04-15
True,False,False,6838,0,0,0,0,0,0,0,0,2022-04-15
True,False,False,6829,0,0,0,0,0,0,0,0,2022-04-15
True,False,False,6432,0,0,0,0,0,0,0,0,2022-04-15
True,False,False,6839,0,0,0,0,0,0,0,0,2022-04-15
True,False,False,6834,0,0,0,0,0,0,0,0,2022-04-15
True,False,False,6842,0,0,0,0,0,0,0,0,2022-04-15
True,False,False,6846,0,0,0,0,0,0,0,0,2022-04-15
True,False,False,6841,0,0,0,0,0,0,0,0,2022-04-15
True,False,False,6827,0,0,0,0,0,0,0,0,2022-04-15
True,False,False,6832,0,0,0,0,0,0,0,0,2022-04-15
True,False,False,6420,0,0,0,0,0,0,0,0,2022-04-15
True,False,False,6831,0,0,0,0,0,0,0,0,2022-04-15
True,False,False,6824,0,0,0,0,0,0,0,0,2022-04-15
True,False,False,6800,0,0,0,0,0,0,0,0,2022-04-15
True,False,False,6823,0,0,0,0,0,0,0,0,2022-04-15
True,False,False,6809,0,0,0,0,0,0,0,0,2022-04-15
True,False,False,6407,0,0,0,0,0,0,0,0,2022-04-15
True,False,False,6797,0,0,0,0,0,0,0,0,2022-04-15
True,False,False,6410,0,0,0,0,0,0,0,0,2022-04-15
True,False,False,6799,0,0,0,0,0,0,0,0,2022-04-15
True,False,False,6821,0,0,0,0,0,0,0,0,2022-04-15
True,False,False,6405,0,0,0,0,0,0,0,0,2022-04-15
True,False,False,6404,0,0,0,0,0,0,0,0,2022-04-15
True,False,False,6412,0,0,0,0,0,0,0,0,2022-04-15
